query,_id,_score,symbol,notfound
113219467,113219467,27.651289,MIR12136,
100288069,100288069,27.651411,LOC100288069,
79854,79854,27.650805,LINC00115,
107985728,107985728,27.650675,LOC107985728,
84808,84808,27.651474,PERM1,
57801,57801,27.651525,HES4,
375790,375790,26.85718,AGRN,
100288175,100288175,27.651411,LOC100288175,
112267874,,,,True
401934,401934,27.650675,RNF223,
254099,254099,27.650805,LINC01342,
406984,406984,27.651525,MIR200B,
406983,406983,27.651474,MIR200A,
554210,554210,27.64896,MIR429,
100506376,100506376,27.651411,TTLL10-AS1,
254173,254173,27.651289,TTLL10,
126792,126792,26.858898,B3GALT6,
388581,388581,27.650805,C1QTNF12,
118424,118424,26.859749,UBE2J2,
6339,6339,26.338165,SCNN1D,
80772,80772,26.85718,CPTP,
54587,54587,27.651411,MXRA8,
107984868,,,,True
441869,441869,27.650675,ANKRD65,
105378585,105378585,27.650805,ANKRD65-AS1,
102724312,102724312,27.651525,LINC01770,
219293,219293,27.651474,ATAD3C,
339453,339453,27.64896,TMEM240,
8510,8510,27.651411,MMP23B,
8511,8511,8.919771,MMP23A,
163688,163688,27.650675,CALML6,
339456,339456,27.650805,TMEM52,
85452,85452,27.651525,CFAP74,
107984872,107984872,27.651474,LOC107984872,
199990,199990,27.64896,FAAP20,
105378593,105378593,27.651411,LOC105378593,
100129534,100129534,8.919771,LOC100129534,
5192,5192,26.858898,PEX10,
79258,79258,27.650805,MMEL1,
105378597,105378597,27.651525,MMEL1-AS1,
105378600,105378600,27.651474,LOC105378600,
105378598,105378598,27.64896,LOC105378598,
440556,440556,27.64896,PRDM16-DT,
27237,27237,27.64896,ARHGEF16,
105378608,105378608,27.64896,LOC105378608,
127262,127262,26.85718,TPRG1L,
388588,388588,27.651411,SMIM1,
8514,8514,26.859509,KCNAB2,
6146,6146,26.858898,RPL22,
102724450,102724450,27.650805,RNF207-AS1,
54626,54626,27.651525,HES2,
80835,80835,26.859694,TAS1R1,
107984912,107984912,27.651411,LOC107984912,
9903,9903,27.651289,KLHL21,
148479,148479,27.650805,PHF13,
90326,90326,27.650675,THAP3,
110841581,110841581,27.651525,CAMTA1-DT,
23261,23261,27.651474,CAMTA1,
105376689,105376689,27.64896,LOC105376689,
10911,10911,26.85718,UTS2,
3604,3604,26.85718,TNFRSF9,
54206,54206,26.85718,ERRFI1,
112268261,112268261,27.64896,LINC03153,
6518,6518,26.337494,SLC2A5,
102724571,102724571,27.651411,LNCTAM34A,
80176,80176,27.651289,SPSB1,
84275,84275,27.650675,SLC25A33,
107985734,,,,True
5293,5293,26.338165,PIK3CD,
644997,644997,27.650805,PIK3CD-AS1,
101929074,101929074,27.651411,PIK3CD-AS2,
56998,56998,26.337978,CTNNBIP1,
116362,116362,27.651289,RBP7,
105376725,,,,True
6723,6723,26.859694,SRM,
100873935,100873935,27.651474,MTOR-AS1,
10218,10218,26.859694,ANGPTL7,
105376737,105376737,27.650805,LOC105376737,
26232,26232,26.859509,FBXO2,
9249,9249,26.858898,DHRS3,
649324,649324,8.91981,PRAMEF34P,
645354,645354,8.91983,PRAMEF36P,
126755,126755,27.651474,LRRC38,
10630,10630,27.651474,PDPN,
23254,23254,27.650805,KAZN,
105376759,105376759,27.650805,LOC105376759,
200197,200197,27.651289,TMEM51-AS1,
79814,79814,26.858898,AGMAT,
6248,6248,27.650675,RSC1A1,
54751,54751,27.64896,FBLIM1,
149563,149563,27.651411,SRARP,
27129,27129,26.859749,HSPB7,
1187,1187,26.85718,CLCNKA,
1188,1188,26.859749,CLCNKB,
348487,348487,27.651289,FAM131C,
1969,1969,26.85718,EPHA2,
101927479,101927479,27.651411,EPHA2-AS1,
26871,26871,27.651411,RNU1-1,
11209,11209,8.919615,MST1P2,
26869,26869,27.651289,RNU1-3,
6060,6060,27.650675,RNU1-4,
11223,11223,8.91983,MST1L,
26870,26870,27.651474,RNU1-2,
11240,11240,26.85718,PADI2,
51702,51702,26.337494,PADI3,
23569,23569,26.859024,PADI4,
84966,84966,27.650805,IGSF21,
105376814,105376814,27.651525,IGSF21-AS1,
127707,127707,27.651525,KLHDC7A,
8659,8659,26.338215,ALDH4A1,
246181,246181,8.496122,AKR7L,
22977,22977,26.337366,AKR7A3,
100506730,100506730,27.64896,LOC100506730,
8574,8574,26.338097,AKR7A2,
100532736,100532736,26.85963,MICOS10-NBL1,
4681,4681,26.85963,NBL1,
54546,54546,27.651289,RNF186,
5322,5322,26.858898,PLA2G5,
26279,26279,26.859694,PLA2G2D,
101928017,,,,True
55450,55450,27.651289,CAMK2N1,
163933,163933,27.650675,FAM43B,
65018,65018,26.858898,PINK1,
100861548,100861548,27.650675,PINK1-AS,
400745,400745,27.651411,SH2D5,
105376830,105376830,27.650675,LOC105376830,
1889,1889,26.859024,ECE1,
249,249,26.337494,ALPL,
5909,5909,26.337494,RAP1GAP,
401944,401944,27.651289,LDLRAD2,
54361,54361,26.85718,WNT4,
105376845,105376845,27.64896,LOC105376845,
2048,2048,26.859694,EPHB2,
100422914,100422914,27.651289,MIR4253,
1870,1870,26.337978,E2F2,
101928163,101928163,27.64896,LOC101928163,
105376859,105376859,27.64896,LOC105376859,
3399,3399,26.85718,ID3,
107984928,107984928,27.651474,LOC107984928,
259283,259283,27.651411,MDS2,
6135,6135,26.85963,RPL11,
1269,1269,26.338215,CNR2,
127294,127294,27.650675,MYOM3,
58985,58985,26.858898,IL22RA1,
100750325,100750325,27.651474,RCAN3AS,
400746,400746,27.651525,NCMAP,
864,864,26.337978,RUNX3,
107984932,,,,True
105376878,105376878,27.651525,RUNX3-AS1,
164091,164091,27.651474,PAQR7,
2134,2134,26.859694,EXTL1,
7780,7780,26.337366,SLC30A2,
79927,79927,27.651289,FAM110D,
51042,51042,27.650675,ZNF593,
10256,10256,26.859749,CNKSR1,
1043,1043,27.651525,CD52,
55057,55057,27.651411,CRYBG2,
257101,257101,26.337366,ZNF683,
79727,79727,26.858898,LIN28A,
2810,2810,26.859749,SFN,
10726,10726,26.858898,NUDC,
126695,126695,27.650675,KDF1,
388610,388610,27.650805,TRNP1,
115572,115572,27.650805,TENT5B,
101928391,101928391,27.651411,LOC101928391,
6548,6548,26.859749,SLC9A1,
644961,644961,8.91902,ACTG1P20,
9064,9064,27.64896,MAP3K6,
388611,388611,27.651289,CD164L2,
2827,2827,27.651289,GPR3,
2537,2537,26.85718,IFI6,
9473,9473,27.650805,THEMIS2,
5724,5724,26.337494,PTAFR,
2035,2035,26.859024,EPB41,
7805,7805,27.651474,LAPTM5,
100616164,100616164,27.64896,MIR4420,
105378620,105378620,27.64896,LOC105378620,
105378622,105378622,27.651474,LINC01778,
9672,9672,26.859749,SDC3,
692234,692234,27.651474,SNORD103A,
692235,692235,27.651474,SNORD103B,
347735,347735,27.651474,SERINC2,
105378625,105378625,27.651474,LOC105378625,
105379772,105379772,27.651525,LOC105379772,
284551,284551,27.651525,LINC01226,
105378626,105378626,27.651289,LOC105378626,
64129,64129,26.337978,TINAGL1,
105378628,,,,True
1307,1307,26.338097,COL16A1,
3932,3932,26.337978,LCK,
100128071,100128071,27.651525,FAM229A,
252995,252995,26.85963,FNDC5,
3208,3208,27.651525,HPCA,
149076,149076,26.859509,ZNF362,
1912,1912,27.651289,PHC2,
114784,114784,27.651411,CSMD2,
2709,2709,26.859749,GJB5,
2707,2707,26.859749,GJB3,
100861513,100861513,27.650675,ZMYM4-AS1,
105378645,105378645,27.64896,TFAP2E-AS1,
63967,63967,26.337494,CLSPN,
55194,55194,27.651411,EVA1B,
127700,127700,27.651411,OSCP1,
728431,728431,27.650805,LITATS1,
100847010,100847010,27.64896,MIR5581,
284654,284654,26.337366,RSPO1,
55143,55143,26.858898,CDCA8,
127687,127687,27.650675,C1orf122,
2275,2275,26.337494,FHL3,
5453,5453,27.650805,POU3F1,
677834,677834,27.64896,SNORA55,
51440,51440,27.651474,HPCAL4,
107985740,107985740,27.651474,LINC02811,
84879,84879,26.337978,MFSD2A,
10487,10487,26.859694,CAP1,
1298,1298,26.85718,COL9A2,
107984945,,,,True
64744,64744,27.650805,SMAP2,
9132,9132,26.338097,KCNQ4,
163732,163732,26.85963,CITED4,
101929901,101929901,27.650675,FOXO6-AS1,
284716,284716,26.338215,RIMKLA,
84217,84217,27.64896,ZMYND12,
374969,374969,27.650675,SVBP,
128218,128218,27.650675,TMEM125,
4352,4352,26.859694,MPL,
991,991,26.859509,CDC20,
81888,81888,27.651289,HYI,
6487,6487,26.337494,ST3GAL3,
8704,8704,26.85718,B4GALT2,
149473,149473,27.651525,CCDC24,
107984948,107984948,27.651525,LOC107984948,
79639,79639,27.64896,TMEM53,
11004,11004,26.337978,KIF2C,
6202,6202,26.337978,RPS8,
26811,26811,27.651289,SNORD55,
94161,94161,27.651289,SNORD46,
94162,94162,27.651474,SNORD38A,
107984952,107984952,27.651411,LOC107984952,
8643,8643,26.85963,PTCH2,
541468,541468,27.651411,LURAP1,
2166,2166,26.85963,FAAH,
729041,729041,8.9198475,FAAHP1,
127343,127343,27.650805,DMBX1,
100130197,100130197,27.650805,EFCAB14-AS1,
105378698,105378698,27.650805,LOC105378698,
1580,1580,26.859694,CYP4B1,
1579,1579,26.859694,CYP4A11,
260293,260293,27.650675,CYP4X1,
199974,199974,27.650675,CYP4Z1,
10158,10158,27.650675,PDZK1IP1,
6886,6886,26.858898,TAL1,
6491,6491,27.651525,STIL,
2306,2306,27.651525,FOXD2,
388630,388630,26.85718,TRABD2B,
105379778,105379778,27.651289,LINC02794,
391037,391037,8.91902,SKINT1L,
200010,200010,26.85718,SLC5A9,
54558,54558,27.64896,SPATA6,
79656,79656,27.651474,BEND5,
105378720,105378720,27.651525,EPS15-AS1,
100313892,100313892,27.651525,MIR761,
4998,4998,26.859509,ORC1,
348378,348378,27.650805,SHISAL2A,
55268,55268,26.338165,ECHDC2,
127435,127435,26.859509,PODN,
6512,6512,26.85718,SLC1A7,
7804,7804,26.337978,LRP8,
105378728,105378728,27.651289,LOC105378728,
105378726,105378726,27.64896,LOC105378726,
105378732,105378732,27.650675,LRP8-DT,
105378730,,,,True
107984957,107984957,27.651289,LINC02812,
148979,148979,26.859749,GLIS1,
23648,23648,27.651525,SSBP3,
374977,374977,27.651411,MROH7,
55001,55001,27.651411,TTC22,
199964,199964,27.651411,TMEM61,
255738,255738,26.85963,PCSK9,
100507634,100507634,27.651411,LOC100507634,
199920,199920,27.651289,FYB2,
4070,4070,26.859509,TACSTD2,
3725,3725,26.859509,JUN,
729467,729467,27.650675,HSD52,
105378763,105378763,27.650675,LINC01748,
100996570,100996570,27.651525,NFIA-AS2,
4774,4774,26.859694,NFIA,
163782,163782,27.651474,KANK4,
100996301,100996301,27.651474,FOXD3-AS1,
27022,27022,26.859694,FOXD3,
107984966,107984966,27.650805,LOC107984966,
57685,57685,26.337494,CACHD1,
101927084,101927084,27.650805,LINC01359,
9829,9829,26.337494,DNAJC6,
3953,3953,25.947956,LEPR,
5142,5142,26.85718,PDE4B,
105378776,105378776,27.651289,LOC105378776,
200132,200132,27.64896,DYNLT5,
79819,79819,27.651525,DNAI4,
23169,23169,27.650805,SLC35D1,
3595,3595,25.947956,IL12RB2,
1647,1647,26.859694,GADD45A,
100289178,100289178,27.651289,GNG12-AS1,
9077,9077,27.650675,DIRAS3,
79971,79971,26.85963,WLS,
55635,55635,26.858898,DEPDC1,
105378790,,,,True
102724548,102724548,27.650675,LINC03102,
406962,406962,27.651525,MIR186,
100852410,100852410,27.651525,ZRANB2-DT,
257194,257194,26.859694,NEGR1,
51086,51086,27.650675,TNNI3K,
204962,204962,26.859749,SLC44A5,
692085,692085,27.651474,SNORD45C,
26805,26805,27.651411,SNORD45A,
26804,26804,27.651411,SNORD45B,
26289,26289,26.859024,AK5,
54810,54810,27.651474,GIPC2,
5737,5737,26.337366,PTGFR,
10964,10964,26.859509,IFI44L,
10561,10561,27.650675,IFI44,
101927412,101927412,27.651289,LINC01781,
23266,23266,27.651411,ADGRL2,
148418,148418,27.651289,SAMD13,
58511,58511,27.650805,DNASE2B,
255231,255231,26.858898,MCOLN2,
3491,3491,26.858898,CCN1,
255631,255631,26.337978,COL24A1,
105378824,105378824,27.651289,LINC02795,
9635,9635,26.859749,CLCA2,
22802,22802,26.338215,CLCA4,
339524,339524,27.651411,LINC01140,
2635,2635,26.85963,GBP3,
105378841,105378841,27.64896,LOC105378841,
2633,2633,26.85718,GBP1,
2634,2634,26.85718,GBP2,
112268267,112268267,27.651411,LOC112268267,
105378842,105378842,27.651411,LOC105378842,
115361,115361,26.859694,GBP4,
107985076,107985076,27.651289,LOC107985076,
115362,115362,26.337978,GBP5,
163351,163351,27.651525,GBP6,
400759,400759,8.919573,GBP1P1,
84230,84230,26.858898,LRRC8C,
101927952,,,,True
105378853,105378853,27.651525,LINC02609,
164045,164045,26.859749,HFM1,
105378856,105378856,27.651525,LOC105378856,
8317,8317,26.338165,CDC7,
7049,7049,26.859694,TGFBR3,
2672,2672,26.338097,GFI1,
6125,6125,26.337978,RPL5,
388650,388650,27.651289,DIPK1A,
24,24,26.859509,ABCA4,
105378858,105378858,27.64896,LOC105378858,
2152,2152,26.85718,F3,
101928079,101928079,27.650805,SLC44A3-AS1,
148534,148534,27.64896,TLCD4,
101928118,101928118,27.64896,RWDD3-DT,
100996635,100996635,27.650675,LINC02607,
101928219,101928219,27.650675,LOC101928219,
100873932,100873932,27.651411,DPYD-AS1,
54873,54873,27.651525,PALMD,
100506007,100506007,27.651474,RTCA-AS1,
105379827,105379827,27.651474,LOC105379827,
54112,54112,27.651474,GPR88,
7412,7412,26.859694,VCAM1,
148867,148867,26.859024,SLC30A7,
102723784,102723784,27.650805,LOC102723784,
1301,1301,26.859024,COL11A1,
280,280,26.859024,AMY2B,
279,279,26.859024,AMY2A,
276,276,26.85718,AMY1A,
277,277,26.859749,AMY1B,
278,278,26.859749,AMY1C,
100129138,100129138,8.9198475,THAP3P1,
100873946,100873946,27.651289,VAV3-AS1,
148545,148545,27.651525,NBPF4,
653149,653149,27.651525,NBPF6,
113802,113802,26.859749,HENMT1,
105378891,105378891,27.651289,LOC105378891,
254268,254268,27.651289,AKNAD1,
642864,642864,27.650675,SPATA42,
57535,57535,27.651411,ELAPOR1,
284612,284612,27.651411,SYPL2,
2948,2948,26.337366,GSTM4,
2946,2946,26.85718,GSTM2,
2944,2944,26.85718,GSTM1,
2949,2949,26.85963,GSTM5,
2947,2947,26.338097,GSTM3,
164153,164153,27.651411,UBL4B,
3737,3737,27.651411,KCNA2,
107985174,107985174,27.651411,LOC107985174,
3738,3738,26.858898,KCNA3,
963,963,27.651411,CD53,
55791,55791,27.650675,LRIF1,
79961,79961,27.651474,DENND2D,
107985180,,,,True
1117,1117,27.64896,CHI3L2,
57413,57413,27.650675,TMIGD3,
107985184,107985184,27.651289,LOC107985184,
55924,55924,27.64896,INKA2,
3752,3752,26.337494,KCND3,
643355,643355,27.651525,LINC01750,
105378909,105378909,27.651289,LINC02884,
389,389,26.859694,RHOC,
284467,284467,27.650675,TAFA3,
100506392,100506392,27.651289,SLC16A1-AS1,
107985189,107985189,27.651474,LOC107985189,
100287722,100287722,27.651289,AP4B1-AS1,
26191,26191,26.337494,PTPN22,
56944,56944,27.650805,OLFML3,
163259,163259,27.650805,DENND2C,
270,270,26.337978,AMPD1,
4893,4893,26.338165,NRAS,
105378915,105378915,27.651525,LOC105378915,
4808,4808,27.651525,NHLH2,
55356,55356,27.650805,SLC22A15,
112268235,112268235,27.651289,LOC112268235,
105378924,105378924,27.651289,LOC105378924,
914,914,26.337494,CD2,
101929099,101929099,27.651411,CD101-AS1,
8458,8458,27.651411,TTF2,
79679,79679,27.651289,VTCN1,
10905,10905,26.859024,MAN1A2,
54855,54855,27.64896,TENT5C,
200162,200162,27.650675,SPAG17,
644242,644242,27.650675,LINC00622,
26227,26227,26.85718,PHGDH,
3158,3158,26.85718,HMGCS2,
83998,83998,27.64896,REG4,
105378939,,,,True
107985522,,,,True
767846,767846,8.91981,PFN1P2,
100996724,100996724,8.91981,PDE4DIPP2,
107985524,107985524,27.651525,LOC107985524,
105378943,,,,True
101929798,101929798,8.919573,PDE4DIPP4,
2210,2210,8.919771,FCGR1BP,
653820,653820,26.858898,RUMY2,
647121,647121,8.919573,EMBP1,
101929814,101929814,27.650675,LOC101929814,
107985200,107985200,27.650805,LOC107985200,
107985201,107985201,27.651525,LOC107985201,
26863,26863,27.651289,RNVU1-18,
199882,199882,8.919771,PDE4DIPP3,
338391,338391,8.919615,H2BP2,
100132417,100132417,8.9198475,FCGR1CP,
554282,554282,26.859024,RUMY3,
100996712,100996712,8.9198475,SRGAP2D,
100996732,100996732,27.651525,LINC02802,
101927333,101927333,27.650675,LINC03226,
105373467,,,,True
101929826,101929826,27.64896,LINC01632,
645166,645166,8.91981,LSP1P5,
728833,728833,26.85963,RUMY4,
105371312,,,,True
148741,148741,27.651411,ANKRD35,
107985593,107985593,27.651411,ANKRD35-DT,
8515,8515,26.337494,ITGA10,
100288805,100288805,8.9198475,HYDIN2,
644861,644861,8.9198475,NBPF13P,
100289211,100289211,27.651289,LINC00624,
26864,26864,27.651289,RNVU1-7,
101927468,101927468,27.64896,LOC101927468,
100847044,100847044,27.64896,MIR5087,
9659,9659,27.650805,PDE4DIP,
653598,653598,26.859024,PPIAL4C,
102723955,102723955,8.919573,PDE4DIPP7,
2209,2209,26.85718,FCGR1A,
440689,440689,26.859694,H2BC18,
8370,8370,26.859694,H4C14,
126961,126961,26.85718,H3C14,
337873,337873,8.919771,H2BC20P,
112268238,,,,True
554313,554313,26.859509,H4C15,
8349,8349,26.337494,H2BC21,
81611,81611,27.651289,ANP32E,
23632,23632,26.859024,CA14,
100874054,100874054,27.650805,FALEC,
54507,54507,26.859694,ADAMTSL4,
574406,574406,27.651289,ADAMTSL4-AS1,
84072,84072,27.650675,HORMAD1,
1520,1520,26.858898,CTSS,
1513,1513,26.85718,CTSK,
107985204,107985204,27.64896,LOC107985204,
149428,149428,27.64896,BNIPL,
10500,10500,26.85718,SEMA6C,
5993,5993,27.650675,RFX5,
101927886,101927886,27.651525,RFX5-AS1,
8991,8991,27.651411,SELENBP1,
7286,7286,27.651411,TUFT1,
284485,284485,27.651411,RIIAD1,
11022,11022,27.651411,TDRKH,
339398,339398,26.858898,LINGO4,
6097,6097,26.85718,RORC,
6281,6281,26.85718,S100A10,
105371441,,,,True
339400,339400,27.651474,CCDST,
6280,6280,26.859509,S100A9,
6283,6283,27.651474,S100A12,
6277,6277,27.651525,S100A6,
6275,6275,26.859694,S100A4,
6273,6273,27.651411,S100A2,
6271,6271,27.651411,S100A1,
4881,4881,26.859749,NPR1,
102466879,102466879,27.650805,MIR8083,
11000,11000,26.337978,SLC27A3,
101928059,101928059,27.651474,LOC101928059,
109617023,109617023,27.650675,SNORA58B,
3570,3570,26.337494,IL6R,
126668,126668,27.650675,TDRD10,
103,103,26.858898,ADAR,
105371449,105371449,27.650805,LOC105371449,
101928120,101928120,27.651525,PYGO2-AS1,
127579,127579,27.651525,DCST2,
149095,149095,27.651289,DCST1,
100505666,100505666,27.651411,DCST1-AS1,
1945,1945,26.859024,EFNA4,
1944,1944,26.859024,EFNA3,
1942,1942,26.858898,EFNA1,
4582,4582,26.858898,MUC1,
105371450,105371450,27.651474,THBS3-AS1,
5313,5313,26.338165,PKLR,
693140,693140,27.651289,MIR555,
23208,23208,26.85963,SYT11,
107985209,107985209,27.651411,ARHGEF2-AS2,
4000,4000,26.859749,LMNA,
632,632,26.337978,BGLAP,
79957,79957,27.650805,PAQR6,
57127,57127,27.650675,RHBG,
10485,10485,27.650675,MIR9-1HG,
128239,128239,26.858898,IQGAP3,
164118,164118,27.651474,TTC24,
105371453,105371453,27.651474,BCAN-AS1,
63827,63827,26.859749,BCAN,
10763,10763,27.651525,NES,
9047,9047,26.85718,SH2D2A,
375033,375033,27.651289,PEAR1,
149499,149499,27.651289,LRRC71,
107985211,107985211,27.651411,LOC107985211,
83416,83416,27.651411,FCRL5,
83417,83417,27.650805,FCRL4,
115352,115352,27.651411,FCRL3,
79368,79368,27.651411,FCRL2,
115350,115350,27.650805,FCRL1,
55243,55243,26.337494,KIRREL1,
100505785,100505785,27.651525,KIRREL1-IT1,
646268,646268,27.651525,LINC01704,
912,912,26.335646,CD1D,
909,909,26.335646,CD1A,
910,910,26.338165,CD1B,
913,913,26.859509,CD1E,
4332,4332,26.85963,MNDA,
149628,149628,26.859509,PYHIN1,
105371461,,,,True
9447,9447,26.859694,AIM2,
57863,57863,26.859694,CADM3,
100131825,100131825,27.651474,CADM3-AS1,
2532,2532,26.859694,ACKR1,
101928264,101928264,27.651474,LOC101928264,
54935,54935,26.858898,DUSP23,
105371464,105371464,27.650675,LOC105371464,
343413,343413,27.650675,FCRL6,
107985217,,,,True
56833,56833,26.859749,SLAMF8,
284677,284677,27.651525,SNHG28,
89886,89886,26.85963,SLAMF9,
100505633,100505633,27.651525,LINC01133,
3766,3766,26.85963,KCNJ10,
477,477,26.338097,ATP1A2,
844,844,26.858898,CASQ1,
100287049,100287049,27.650805,DCAF8-DT,
1314,1314,26.859509,COPA,
57216,57216,26.337494,VANGL2,
114836,114836,26.859024,SLAMF6,
8832,8832,26.859509,CD84,
6504,6504,26.85718,SLAMF1,
107985220,107985220,27.64896,LOC107985220,
962,962,26.859749,CD48,
57823,57823,26.85718,SLAMF7,
105371470,105371470,27.64896,LOC105371470,
4063,4063,26.85963,LY9,
51744,51744,26.85963,CD244,
257106,257106,27.651411,ARHGAP30,
112543491,112543491,27.651474,LOC112543491,
4359,4359,26.859694,MPZ,
2214,2214,26.85963,FCGR3A,
2215,2215,26.859509,FCGR3B,
84824,84824,27.650805,FCRLA,
105371475,105371475,27.651474,LOC105371475,
400793,400793,27.650805,C1orf226,
117157,117157,26.859509,SH2D1B,
127933,127933,27.651289,UHMK1,
4921,4921,26.859509,DDR2,
83540,83540,27.64896,NUF2,
4009,4009,27.650805,LMX1A,
6258,6258,26.337494,RXRG,
4259,4259,26.337494,MGST3,
105371590,105371590,27.650805,LINC01675,
10223,10223,27.651474,GPA33,
92235,92235,27.651474,STYXL2,
919,919,26.338215,CD247,
92241,92241,27.650805,RCSD1,
23432,23432,26.337494,GPR161,
84832,84832,8.919615,ANKRD36BP1,
6846,6846,25.947956,XCL2,
6375,6375,26.337978,XCL1,
1805,1805,26.859509,DPT,
2153,2153,26.858898,F5,
107985745,107985745,27.651525,LOC107985745,
6402,6402,26.859749,SELL,
5396,5396,27.651474,PRRX1,
2327,2327,26.859694,FMO2,
4653,4653,27.650675,MYOC,
406996,406996,27.651411,MIR214,
100422882,100422882,27.64896,MIR3120,
356,356,26.338097,FASLG,
8995,8995,26.859509,TNFSF18,
7292,7292,26.859509,TNFSF4,
100506023,,,,True
91687,91687,27.650675,CENPL,
55157,55157,26.859749,DARS2,
100506046,100506046,27.651525,GAS5-AS1,
692198,692198,27.64896,SNORD78,
106635533,106635533,27.650675,SNORA103,
692197,692197,27.64896,SNORD77,
692196,692196,27.64896,SNORD76,
9910,9910,26.858898,RABGAP1L,
9674,9674,27.651289,KIAA0040,
7143,7143,26.337978,TNR,
460,460,27.651525,ASTN1,
57795,57795,27.651525,BRINP2,
105371630,105371630,27.651525,LOC105371630,
105371629,105371629,27.651411,LOC105371629,
400798,400798,27.651411,C1orf220,
105371632,105371632,27.651411,LOC105371632,
646976,646976,27.651411,RALGPS2-AS1,
55103,55103,27.651411,RALGPS2,
6646,6646,26.859509,SOAT1,
148753,148753,27.651289,FAM163A,
9857,9857,27.650675,CEP350,
5768,5768,26.858898,QSOX1,
89884,89884,27.651474,LHX4,
777,777,26.859694,CACNA1E,
127670,127670,27.650675,TEDDM1,
80896,80896,26.859694,NPL,
647070,647070,27.650675,DHX9-AS1,
110841583,110841583,27.650675,LAMC1-AS1,
3918,3918,26.338165,LAMC2,
23057,23057,26.337494,NMNAT2,
284649,284649,27.650805,SMG7-AS1,
81563,81563,27.64896,C1orf21,
107985236,107985236,27.64896,LOC107985236,
105371648,105371648,27.650805,LOC105371648,
105371654,105371654,27.651474,LOC105371654,
10216,10216,26.859749,PRG4,
5132,5132,27.651525,PDC,
64407,64407,26.859749,RGS18,
5996,5996,26.859749,RGS1,
6003,6003,27.651525,RGS13,
5997,5997,26.859749,RGS2,
101929160,,,,True
10877,10877,26.85963,CFHR4,
105371675,105371675,27.651289,LOC105371675,
259266,259266,27.651289,ASPM,
163486,163486,26.859694,DENND1B,
56956,56956,27.651289,LHX9,
5788,5788,26.337494,PTPRC,
23528,23528,27.650805,ZNF281,
9928,9928,26.85963,KIF14,
2848,2848,26.859024,GPR25,
107985245,,,,True
55765,55765,27.64896,INAVA,
23046,23046,26.85718,KIF21B,
252839,252839,27.64896,TMEM9,
5317,5317,26.85963,PKP1,
7139,7139,26.85963,TNNT2,
3898,3898,27.651411,LAD1,
7135,7135,26.85963,TNNI1,
23612,23612,27.651289,PHLDA3,
1465,1465,26.858898,CSRP1,
149345,149345,27.651289,SHISA4,
25802,25802,27.650675,LMOD1,
112268254,,,,True
1999,1999,26.858898,ELF3,
9283,9283,26.858898,GPR37L1,
5778,5778,26.337494,PTPN7,
59352,59352,26.337494,LGR6,
29089,29089,26.859024,UBE2T,
100506696,100506696,27.650805,PCAT6,
641515,641515,8.919615,MGAT4EP,
148709,148709,8.919615,ACTG1P25,
59349,59349,26.337366,KLHL12,
8497,8497,27.650675,PPFIA4,
134,134,26.85718,ADORA1,
1118,1118,26.859694,CHIT1,
2331,2331,26.859749,FMOD,
102723529,102723529,27.64896,LOC102723529,
5549,5549,26.859694,PRELP,
102723543,102723543,27.651289,LOC102723543,
54900,54900,27.651525,LAX1,
100381270,100381270,27.64896,ZBED6,
105371689,105371689,27.651474,LOC105371689,
284573,284573,27.651411,LINC00303,
127845,127845,26.859509,GOLT1A,
100189122,100189122,27.651525,TRK-TTT3-1,
105371692,105371692,27.64896,LRRN2-AS1,
105371693,105371693,27.651474,LOC105371693,
23114,23114,26.85963,NFASC,
81788,81788,27.651289,NUAK2,
55220,55220,27.651289,KLHDC8A,
93273,93273,27.651289,LEMD1,
284578,284578,27.651525,SLC60A1-AS1,
2005,2005,27.651474,ELK4,
115019,115019,26.858898,SLC26A9,
103021296,103021296,27.651474,SLC26A9-AS1,
1510,1510,26.859749,CTSE,
105372857,105372857,27.651525,LOC105372857,
729533,729533,26.859694,RUMY1,
9641,9641,26.337366,IKBKE,
83593,83593,27.650675,RASSF5,
8444,8444,26.859024,DYRK3,
105372877,,,,True
3586,3586,25.947956,IL10,
29949,29949,26.859749,IL19,
11009,11009,26.859749,IL24,
9214,9214,27.651525,FCMR,
83953,83953,27.651289,FCAMR,
79098,79098,26.859024,C1orf116,
725,725,26.85963,C4BPB,
722,722,26.859509,C4BPA,
1604,1604,26.859694,CD55,
1380,1380,26.859509,CR2,
1378,1378,26.859509,CR1,
1379,1379,27.651289,CR1L,
100128537,100128537,27.651411,MIR29B2CHG,
407026,407026,27.651474,MIR29C,
407025,407025,27.651411,MIR29B2,
947,947,26.859694,CD34,
107985253,107985253,27.651474,LOC107985253,
105372883,105372883,27.650805,LINC02767,
105372884,105372884,27.651411,LOC105372884,
107985255,107985255,27.651411,LOC107985255,
105372895,105372895,27.651411,LOC105372895,
642587,642587,27.650675,MIR205HG,
406988,406988,27.650675,MIR205,
105372898,105372898,27.650805,LOC105372898,
3914,3914,26.85718,LAMB3,
100422894,100422894,27.64896,MIR4260,
101930114,101930114,27.650675,HSD11B1-AS1,
50486,50486,26.337494,G0S2,
3290,3290,26.859024,HSD11B1,
80342,80342,27.650805,TRAF3IP3,
148304,148304,27.651474,C1orf74,
3664,3664,26.859749,IRF6,
574036,574036,27.64896,SERTAD4-AS1,
105372901,105372901,27.651289,LOC105372901,
7188,7188,26.337366,TRAF5,
107985258,,,,True
105372903,105372903,27.651474,LOC105372903,
4751,4751,26.338097,NEK2,
51514,51514,26.85963,DTL,
100131205,100131205,8.919573,RPL21P28,
55248,55248,27.650675,PACC1,
29937,29937,26.858898,NENF,
467,467,26.859749,ATF3,
5629,5629,27.651525,PROX1,
5784,5784,26.85718,PTPN14,
1063,1063,26.85718,CENPF,
3776,3776,26.85718,KCNK2,
128153,128153,27.651289,SPATA17,
103752555,103752555,27.651525,SPATA17-AS1,
103611157,103611157,27.651525,TGFB2-OT1,
107984018,107984018,27.651289,LOC107984018,
2058,2058,26.85718,EPRS1,
79762,79762,27.64896,C1orf115,
64757,64757,27.650675,MTARC1,
101929730,101929730,27.650675,LINC01352,
101929750,101929750,27.650805,LOC101929750,
107985296,,,,True
105372945,,,,True
79802,79802,27.650805,HHIPL2,
400823,400823,27.650805,FAM177B,
105372984,105372984,27.650675,LOC105372984,
55061,55061,27.650675,SUSD4,
388743,388743,27.651474,CAPN8,
149111,149111,26.859694,CNIH3,
102723817,102723817,27.651411,CNIH3-AS2,
105373106,105373106,27.651474,CNIH3-AS1,
3930,3930,26.337978,LBR,
2052,2052,26.338097,EPHX1,
10637,10637,26.859509,LEFTY1,
7044,7044,26.85963,LEFTY2,
163859,163859,26.859694,SDE2,
64746,64746,26.859509,ACBD3,
107985353,107985353,27.651525,ACBD3-AS1,
83881,83881,26.85963,MIXL1,
286826,286826,26.859509,LIN9,
142,142,26.859749,PARP1,
105373116,105373116,27.651474,LOC105373116,
375057,375057,27.651411,STUM,
105373117,,,,True
105379282,,,,True
89780,89780,26.859694,WNT3A,
57165,57165,26.85963,GJC2,
128312,128312,26.859509,H2BC26,
149603,149603,27.651289,RNF187,
58480,58480,26.859749,RHOU,
112267873,112267873,27.651474,LINC02814,
101927532,101927532,27.64896,LINC01736,
107985358,107985358,27.64896,LOC107985358,
183,183,26.85718,AGT,
84886,84886,27.64896,C1orf198,
79573,79573,27.64896,TTC13,
375061,375061,27.64896,FAM89A,
112268256,,,,True
107985360,107985360,27.651411,LOC107985360,
100303453,100303453,27.651411,TSNAX-DISC1,
100287814,100287814,27.651411,LINC00582,
84451,84451,27.651411,MAP3K21,
148641,148641,27.651474,SLC35F3,
100506795,100506795,27.651474,LINC01354,
100302691,100302691,27.651474,LINC00184,
100506810,100506810,27.650675,LINC01132,
105373211,,,,True
101927851,101927851,27.651525,LNCATV,
105373212,105373212,27.651289,LINC02768,
4811,4811,26.337978,NID1,
128178,128178,26.858898,EDARADD,
100287902,100287902,27.651525,LGALS8-AS1,
55127,55127,26.337494,HEATR1,
6262,6262,26.859749,RYR2,
100506915,100506915,27.651525,CHRM3-AS2,
56776,56776,26.858898,FMN2,
64388,64388,26.858898,GREM2,
8564,8564,26.858898,KMO,
105373233,,,,True
128025,128025,27.650805,WDR64,
9156,9156,26.859749,EXO1,
440738,440738,26.859694,MAP1LC3C,
200150,200150,27.651474,PLD5,
9859,9859,27.651289,CEP170,
105373255,,,,True
105373262,105373262,27.650675,LOC105373262,
105373264,,,,True
105373265,105373265,27.651289,LOC105373265,
163882,163882,27.651289,CNST,
102724382,102724382,27.651411,LOC102724382,
107985373,,,,True
57116,57116,27.64896,ZNF695,
100533111,100533111,27.650805,ZNF670-ZNF695,
400812,400812,27.650805,FLJ39095,
388759,388759,27.650805,LINC02897,
112268259,,,,True
100500849,100500849,27.651411,MIR3916,
343171,343171,26.85963,OR2W3,
284521,284521,26.858898,OR2L13,
55657,55657,26.858898,ZNF692,
107987362,,,,True
105379854,105379854,27.650805,LOC105379854,
105379521,,,,True
101060632,101060632,27.651289,LOC101060632,
285016,285016,27.64896,ALKAL2,
101927262,101927262,27.651474,LOC101927262,
105373352,105373352,27.651474,LOC105373352,
101060391,101060391,27.651525,SNTG2-AS1,
54221,54221,27.651525,SNTG2,
7173,7173,26.859509,TPO,
7837,7837,26.337366,PXDN,
23040,23040,27.650675,MYT1L,
107985838,107985838,27.650805,LOC107985838,
6201,6201,26.337494,RPS7,
78989,78989,26.859749,COLEC11,
728597,728597,26.338215,DCDC2C,
400941,400941,27.650675,LINC00487,
105373404,105373404,27.650675,LOC105373404,
104326052,104326052,27.650675,NRIR,
129607,129607,27.651525,CMPK2,
91543,91543,26.85718,RSAD2,
101929510,101929510,27.651289,LOC101929510,
101929531,101929531,27.651411,LINC01871,
339789,339789,27.64896,LINC00299,
101929567,101929567,27.64896,LINC01814,
129642,129642,26.335646,MBOAT2,
101929643,101929643,27.651474,LOC101929643,
9014,9014,26.859509,TAF1B,
112268412,112268412,27.651474,LOC112268412,
192668,192668,26.859694,CYS1,
6241,6241,26.337366,RRM2,
105373424,105373424,27.650675,LOC105373424,
101929715,101929715,27.651411,ODC1-DT,
100506474,100506474,27.651411,LOC100506474,
105373436,105373436,27.650805,LOC105373436,
104797537,104797537,27.64896,GACAT3,
79677,79677,27.64896,SMC6,
348654,348654,26.85963,GEN1,
130497,130497,27.650805,OSR1,
400946,400946,27.651474,LINC00954,
388,388,26.859694,RHOB,
338,338,26.859694,APOB,
114818,114818,27.650805,KLHL29,
105374325,105374325,27.651289,LOC105374325,
102723401,102723401,27.651289,LOC102723401,
54454,54454,26.859509,ATAD2B,
375190,375190,27.651289,FAM228B,
9540,9540,26.85963,TP53I3,
653140,653140,27.651411,FAM228A,
50618,50618,25.947956,ITSN2,
105377626,105377626,27.650805,LOC105377626,
55252,55252,27.651289,ASXL2,
105374334,105374334,27.650805,LOC105374334,
165082,165082,27.651474,ADGRF3,
85465,85465,26.338165,SELENOI,
3777,3777,26.859694,KCNK3,
1058,1058,26.858898,CENPA,
22924,22924,27.650675,MAPRE3,
7781,7781,26.337366,SLC30A3,
57159,57159,27.651411,TRIM54,
7349,7349,26.859509,UCN,
2498,2498,8.91981,FTH1P3,
200634,200634,27.651474,KRTCAP3,
64838,64838,27.651474,FNDC4,
84226,84226,27.650805,SPATA31H1,
151056,151056,26.859749,PLB1,
100505774,100505774,27.64896,LOC100505774,
165186,165186,27.651474,TOGARAM2,
238,238,26.859694,ALK,
79623,79623,26.859749,GALNT14,
440854,440854,27.64896,CAPN14,
7498,7498,26.859749,XDH,
6716,6716,26.859749,SRD5A2,
57448,57448,26.858898,BIRC6,
25780,25780,26.85718,RASGRP3,
105374454,105374454,27.651289,RASGRP3-AS1,
100288911,100288911,27.651289,CRIM1-DT,
5212,5212,26.85718,VIT,
5610,5610,26.338097,EIF2AK2,
25797,25797,26.859509,QPCT,
105374464,105374464,27.650805,LINC03063,
285154,285154,27.650805,CYP1B1-AS1,
105374468,105374468,27.650805,LOC105374468,
101929596,101929596,27.651474,LINC02613,
130589,130589,26.338097,GALM,
100271715,100271715,27.650805,ARHGEF33,
375196,375196,27.651411,LOC375196,
130733,130733,26.858898,TMEM178A,
6546,6546,26.85963,SLC8A1,
101929667,101929667,27.650805,LOC101929667,
101929723,101929723,27.650675,LINC01914,
400950,400950,27.651411,LINC02898,
91461,91461,27.650805,PKDCC,
102723824,102723824,27.651525,EML4-AS1,
27436,27436,26.858898,EML4,
107985873,,,,True
170850,170850,27.651289,KCNG3,
165140,165140,27.651289,OXER1,
105374567,,,,True
102723854,102723854,27.651525,LINC01819,
105374570,105374570,27.651525,LOC105374570,
100129726,100129726,27.650805,LINC01126,
102723904,102723904,27.650805,PPM1B-DT,
10736,10736,26.859024,SIX2,
100506142,100506142,27.650805,RHOQ-AS1,
388948,388948,27.651411,LINC01118,
100134259,100134259,27.651411,LINC01119,
101927043,101927043,27.651411,EPCAM-DT,
4436,4436,26.335646,MSH2,
3344,3344,27.64896,FOXN2,
11037,11037,27.64896,STON1,
11036,11036,26.859694,GTF2A1L,
3973,3973,26.859694,LHCGR,
9378,9378,26.85718,NRXN1,
494143,494143,26.335646,CHAC2,
100500850,100500850,27.64896,MIR3682,
105374615,105374615,27.651525,LOC105374615,
129852,129852,27.651525,CIMIP6,
56969,56969,8.919573,RPL23AP32,
400954,400954,27.651474,EML6,
107985885,107985885,27.64896,PPP4R3B-DT,
100129434,100129434,27.650675,LOC100129434,
114800,114800,27.650675,CCDC85A,
107984043,107984043,27.64896,LOC107984043,
400955,400955,27.651474,LINC01122,
5966,5966,26.85718,REL,
339803,339803,27.651289,C2orf74-DT,
100132215,100132215,27.651289,EHBP1-AS1,
5013,5013,27.651525,OTX1,
105374773,105374773,27.651525,LOC105374773,
101927402,101927402,27.650675,AFTPH-DT,
105374772,,,,True
101927438,101927438,27.650805,LINC01800,
400958,400958,27.651411,LINC02245,
102724233,102724233,27.651411,LINC02576,
10097,10097,26.859749,ACTR2,
4211,4211,26.85963,MEIS1,
100507073,100507073,27.651525,LINC01798,
644838,644838,27.64896,LINC01829,
25927,25927,27.650675,CNRIP1,
5341,5341,26.858898,PLEK,
9938,9938,26.858898,ARHGAP25,
105374790,105374790,27.651289,LOC105374790,
27302,27302,26.85718,BMP10,
112268437,,,,True
151516,151516,27.651474,ASPRV1,
165530,165530,27.651411,CLEC4F,
25806,25806,26.859024,VAX2,
525,525,26.337494,ATP6V1B1,
79315,79315,8.91983,OR7E91P,
2016,2016,27.651411,EMX1,
150726,150726,26.85718,FBXO41,
72,72,26.858898,ACTG2,
200424,200424,26.859509,TET3,
107985898,,,,True
55233,55233,26.337494,MOB1A,
10797,10797,26.338165,MTHFD2,
85474,85474,27.651411,LBX2,
3196,3196,27.64896,TLX2,
165545,165545,27.650675,DQX1,
130951,130951,27.651289,M1AP,
102724497,102724497,27.651525,LOC102724497,
102724515,102724515,27.650805,LINC01291,
101927861,,,,True
6869,6869,26.85963,TACR1,
102724542,102724542,27.64896,LOC102724542,
129293,129293,27.650675,TRABD2A,
105374838,,,,True
83439,83439,26.859749,TCF7L1,
100996506,,,,True
10578,10578,26.859694,GNLY,
84913,84913,26.85963,ATOH8,
65055,65055,27.651525,REEP1,
105374845,105374845,27.651525,CHMP3-AS1,
925,925,26.338215,CD8A,
105374846,105374846,27.651525,LOC105374846,
926,926,26.859749,CD8B,
100286979,100286979,8.9198475,ANAPC1P1,
400966,400966,26.859749,RGPD1,
102724642,102724642,27.651525,LOC102724642,
107985908,107985908,27.64896,LOC107985908,
105374848,105374848,27.650675,LOC105374848,
101928173,101928173,27.651289,LINC01943,
101928152,,,,True
107985909,107985909,27.651474,LOC107985909,
5342,5342,27.651411,PLGLB2,
729857,729857,26.85718,RGPD2,
150572,150572,26.858898,SMYD1,
2168,2168,26.859509,FABP1,
101928371,101928371,27.650805,EIF2AK3-AS1,
102724805,102724805,27.651474,LOC102724805,
645784,645784,8.919771,ANKRD36BP2,
105374855,105374855,8.919771,MALLP2,
105374854,105374854,27.650675,LOC105374854,
3514,3514,27.651289,IGKC,
28946,28946,27.650675,IGKJ5,
28947,28947,27.651289,IGKJ4,
28948,28948,27.650675,IGKJ3,
28949,28949,27.650675,IGKJ2,
28950,28950,27.651411,IGKJ1,
28908,28908,27.64896,IGKV4-1,
28907,28907,27.650805,IGKV5-2,
28299,28299,27.651474,IGKV1-5,
28943,28943,27.651411,IGKV1-6,
28915,28915,27.651474,IGKV3-7,
28942,28942,27.651474,IGKV1-8,
28941,28941,27.651411,IGKV1-9,
28914,28914,27.651411,IGKV3-11,
28940,28940,27.651411,IGKV1-12,
28939,28939,27.650805,IGKV1-13,
28913,28913,27.650805,IGKV3-15,
28938,28938,27.64896,IGKV1-16,
28937,28937,27.64896,IGKV1-17,
28912,28912,27.650805,IGKV3-20,
28936,28936,8.91983,IGKV1-22,
28923,28923,27.64896,IGKV2-24,
28922,28922,8.919615,IGKV2-26,
28935,28935,27.64896,IGKV1-27,
28921,28921,27.651474,IGKV2-28,
28920,28920,27.650805,IGKV2-29,
107985910,107985910,27.651474,LOC107985910,
28919,28919,27.64896,IGKV2-30,
28933,28933,27.651289,IGKV1-33,
28931,28931,27.650675,IGKV1-37,
28930,28930,27.650675,IGKV1-39,
28916,28916,27.650675,IGKV2-40,
107985911,107985911,8.919573,LOC107985911,
28878,28878,27.650675,IGKV2D-40,
28893,28893,27.650805,IGKV1D-39,
28894,28894,27.650675,IGKV1D-37,
28896,28896,27.651411,IGKV1D-33,
28881,28881,27.651411,IGKV2D-30,
28882,28882,27.651411,IGKV2D-29,
28883,28883,27.651411,IGKV2D-28,
28898,28898,8.91981,IGKV1D-27,
28884,28884,27.651289,IGKV2D-26,
28885,28885,27.651289,IGKV2D-24,
28870,28870,27.651289,IGKV6D-21,
28874,28874,27.650805,IGKV3D-20,
28900,28900,27.64896,IGKV1D-17,
28901,28901,27.651411,IGKV1D-16,
28875,28875,27.651411,IGKV3D-15,
28902,28902,27.651411,IGKV1D-13,
28903,28903,27.64896,IGKV1D-12,
28876,28876,27.64896,IGKV3D-11,
28891,28891,27.64896,IGKV1D-43,
28904,28904,27.64896,IGKV1D-8,
28877,28877,27.651474,IGKV3D-7,
101926969,,,,True
654342,654342,8.919573,LSP1P4,
100509620,100509620,27.651474,AQP7B,
4118,4118,26.859694,MAL,
30818,30818,26.859509,KCNIP3,
105373490,105373490,27.651525,LOC105373490,
101926959,101926959,27.651525,LOC101926959,
150759,150759,27.651525,LINC00342,
729234,729234,8.9198475,FAHD2CP,
150763,150763,26.859024,GPAT2,
151,151,26.859024,ADRA2B,
431705,431705,27.651525,ASTL,
23397,23397,26.859749,NCAPH,
93082,93082,27.651525,NEURL3,
10865,10865,27.651525,ARID5A,
90342,90342,27.651525,FER1L5,
200539,200539,26.859509,ANKRD23,
151313,151313,27.651289,FAHD2B,
7535,7535,26.859509,ZAP70,
107985921,,,,True
3631,3631,26.335646,INPP4A,
11320,11320,26.85718,MGAT4A,
101927070,101927070,27.64896,LINC02611,
164832,164832,26.85718,LONRF2,
4862,4862,26.85718,NPAS2,
105373510,105373510,27.64896,LOC105373510,
105373511,105373511,27.651525,LOC105373511,
200407,200407,27.651525,CREG2,
731220,731220,27.651474,RFX8,
8808,8808,26.338165,IL36R,
8809,8809,26.859694,IL18R1,
8807,8807,26.338165,IL18RAP,
130827,130827,27.651474,TMEM182,
100506421,100506421,27.651474,PANTR1,
5455,5455,27.650805,POU3F3,
2274,2274,26.859024,FHL2,
105373530,105373530,27.650805,LOC105373530,
84417,84417,27.650675,ECRG4,
84620,84620,26.859509,ST6GAL2,
60482,60482,26.337978,SLC5A7,
442038,442038,27.651289,SULT1C3,
6819,6819,26.858898,SULT1C2,
644903,644903,27.650675,GCC2-AS1,
106182118,106182118,27.650805,LIMS1-AS1,
165055,165055,27.650805,CCDC138,
105373545,105373545,27.650805,LOC105373545,
440895,440895,8.919573,LOC440895,
7851,7851,26.858898,MALL,
151009,151009,27.650675,LINC01106,
100288570,100288570,8.919573,LOC100288570,
105373552,105373552,27.650805,LOC105373552,
699,699,26.337494,BUB1,
105373557,105373557,27.650805,SOCAR,
84172,84172,26.859694,POLR1B,
101927330,101927330,27.651474,LOC101927330,
400999,400999,27.651474,SLC20A1-DT,
6574,6574,27.651289,SLC20A1,
284958,284958,27.651289,NT5DC4,
150468,150468,27.650805,CKAP2L,
26525,26525,26.859509,IL36RN,
112268422,,,,True
729468,729468,8.919573,PGM5P4,
112268423,112268423,27.651411,LOC112268423,
101060091,101060091,27.651411,ACTR3-AS1,
10096,10096,26.85963,ACTR3,
2019,2019,27.64896,EN1,
165257,165257,27.651411,C1QL2,
55240,55240,26.85963,STEAP3,
105373581,105373581,27.651525,LOC105373581,
140738,140738,27.651525,TMEM37,
105373584,105373584,27.651289,LOC105373584,
3625,3625,26.859509,INHBB,
105373585,105373585,27.651289,LOC105373585,
29842,29842,27.651411,TFCP2L1,
107985943,107985943,27.651411,LOC107985943,
105373595,105373595,27.651411,LOC105373595,
105373597,105373597,27.64896,LINC01889,
339761,339761,26.859749,CYP27C1,
10746,10746,26.859749,MAP3K2,
100506922,100506922,27.651525,MAP3K2-DT,
55679,55679,26.859749,LIMS2,
107985944,107985944,27.650805,LOC107985944,
100131320,100131320,27.650805,RAB6C-AS1,
84084,84084,26.859024,RAB6C,
440905,440905,8.919615,FAR2P1,
285103,285103,8.919615,MED15P9,
91409,91409,27.650805,CCDC74B,
100216479,100216479,8.91902,FAR2P2,
646802,646802,8.91902,CYP4F62P,
100132708,100132708,8.919573,CYP4F30P,
113457,113457,26.858898,TUBA3D,
90557,90557,27.650675,CCDC74A,
440915,440915,8.91902,POTEKP,
101927994,101927994,27.64896,LINC01087,
408029,408029,8.91902,CDRT15P3,
2863,2863,26.859694,GPR39,
116372,116372,27.651474,LYPD1,
112268439,112268439,27.651474,LOC112268439,
81615,81615,26.338097,TMEM163,
105373629,105373629,27.651411,LOC105373629,
80122,80122,27.650675,MAP3K19,
107985946,107985946,27.651411,LOC107985946,
100507600,100507600,27.651411,LCT-AS1,
4175,4175,26.85963,MCM6,
101928243,101928243,27.651411,DARS1-AS1,
112268426,,,,True
7852,7852,26.338097,CXCR4,
339745,339745,26.85963,SPOPL,
53353,53353,27.651411,LRP1B,
105373649,105373649,27.650675,LOC105373649,
107985779,107985779,27.650675,LOC107985779,
105373648,105373648,27.650675,LOC105373648,
55843,55843,26.859694,ARHGAP15,
101928361,101928361,27.651474,LOC101928361,
105373654,105373654,27.651474,ARHGAP15-AS1,
101928386,101928386,27.651525,QTMAN-AS1,
100303491,100303491,27.64896,ZEB2-AS1,
105373656,105373656,27.64896,LINC02993,
101929231,101929231,27.651525,MMADHC-DT,
105373682,105373682,27.64896,LOC105373682,
390,390,26.859509,RND3,
375287,375287,27.650675,RBM43,
57471,57471,27.651289,ERMN,
105373711,,,,True
9595,9595,26.859509,CYTIP,
130399,130399,26.337978,ACVR1C,
105373714,105373714,27.651411,LOC105373714,
151531,151531,26.85963,UPP2,
130940,130940,27.651411,CCDC148,
92196,92196,26.85963,DAPL1,
105373716,105373716,27.651411,LOC105373716,
4065,4065,26.85963,LY75,
22925,22925,26.85963,PLA2R1,
3694,3694,26.335646,ITGB6,
100505984,100505984,27.64896,LINC02478,
105373718,105373718,27.651289,LOC105373718,
100996579,100996579,27.650675,LINC01806,
10213,10213,26.859509,PSMD14,
285116,285116,8.91902,AHCTF1P1,
57282,57282,26.335646,SLC4A10,
1803,1803,26.85718,DPP4,
100131604,100131604,27.650675,DPP4-DT,
64135,64135,26.338165,IFIH1,
55137,55137,27.651474,FIGN,
2888,2888,26.859024,GRB14,
6326,6326,26.337494,SCN2A,
2591,2591,26.85718,GALNT3,
6335,6335,26.859749,SCN9A,
27347,27347,26.338215,STK39,
253782,253782,26.859694,CERS6,
115677,115677,27.651474,NOSTRIN,
57405,57405,27.651474,SPC25,
4036,4036,26.338165,LRP2,
10324,10324,27.651474,KLHL41,
109617017,109617017,27.650675,SNORD3K,
100130256,100130256,27.650675,LOC100130256,
389058,389058,27.651525,SP5,
285141,285141,27.650805,ERICH2,
2571,2571,26.859749,GAD1,
80067,80067,26.859749,DCAF17,
79901,79901,26.858898,CYBRD1,
1745,1745,27.651289,DLX1,
1746,1746,27.651289,DLX2,
101929947,101929947,27.651289,ITGA6-AS1,
5163,5163,26.337494,PDK1,
11069,11069,26.858898,RAPGEF4,
83879,83879,27.650675,CDCA7,
107985961,,,,True
151556,151556,27.650805,GPR155,
105373748,105373748,27.651289,GPR155-DT,
7456,7456,26.337494,WIPF1,
1134,1134,26.859024,CHRNA1,
105373750,,,,True
3235,3235,26.859509,HOXD9,
100506783,100506783,27.651289,HOXD-AS2,
401021,401021,27.651289,LOC401021,
3231,3231,26.859749,HOXD1,
102724224,102724224,27.651525,LINC01117,
105373759,105373759,27.650805,LOC105373759,
100616394,100616394,27.650805,MIR4444-1,
8540,8540,26.85718,AGPS,
150737,150737,26.337978,IFT70B,
92104,92104,26.338215,IFT70A,
50940,50940,26.858898,PDE11A,
7273,7273,26.337366,TTN,
285025,285025,27.650675,CCDC141,
101927156,101927156,27.650675,LINC01934,
3676,3676,26.337366,ITGA4,
375298,375298,26.858898,CERKL,
6744,6744,26.859694,ITPRID2,
151242,151242,26.859694,PPP1R1C,
54431,54431,26.859749,DNAJC10,
2487,2487,27.650805,FRZB,
105373774,,,,True
105373780,105373780,27.650805,LOC105373780,
91752,91752,27.651525,ZNF804A,
7035,7035,26.859749,TFPI,
51454,51454,26.859749,GULP1,
105373791,105373791,27.651525,LOC105373791,
2744,2744,26.859749,GLS,
6772,6772,26.338215,STAT1,
105373805,105373805,27.651289,STAT4-AS1,
6775,6775,26.337978,STAT4,
64859,64859,27.651289,NABP1,
105747689,,,,True
8436,8436,27.64896,CAVIN2,
23671,23671,27.64896,TMEFF2,
105373813,105373813,27.64896,CAVIN2-AS1,
101927366,,,,True
105376754,,,,True
9262,9262,26.859024,STK17B,
101927454,101927454,27.651474,LOC101927454,
57520,57520,27.650805,HECW2,
284992,284992,27.651474,CCDC150,
91526,91526,27.651289,ANKRD44,
101927596,101927596,27.650805,ANKRD44-AS1,
105373826,,,,True
101927547,101927547,27.64896,ANKRD44-IT1,
66037,66037,27.64896,BOLL,
348751,348751,27.650675,FTCDNL1,
205327,205327,27.650675,C2orf69,
316,316,26.337494,AOX1,
107161151,107161151,8.919615,AOX3P-AOX2P,
101927795,101927795,27.64896,BZW1-AS1,
105373835,105373835,27.651474,LOC105373835,
65072,65072,27.651411,CFLAR-AS1,
843,843,26.337494,CASP10,
841,841,26.859509,CASP8,
65061,65061,26.85718,CDK15,
8324,8324,26.85718,FZD7,
100652824,100652824,27.651474,KIAA2012,
729224,729224,27.651411,KIAA2012-AS1,
940,940,26.859509,CD28,
1493,1493,26.859694,CTLA4,
29851,29851,26.859694,ICOS,
130749,130749,27.651474,CPO,
102724714,102724714,27.64896,LINC01857,
200576,200576,26.335646,PIKFYVE,
5746,5746,26.859694,PTH2R,
33,33,26.338215,ACADL,
102724820,102724820,27.650675,LANCL1-AS1,
1373,1373,26.859749,CPS1,
22807,22807,26.859509,IKZF2,
100130451,100130451,27.651289,SPAG16-DT,
79582,79582,27.651289,SPAG16,
580,580,26.337494,BARD1,
26154,26154,26.859749,ABCA12,
2335,2335,26.338215,FN1,
112268430,,,,True
105373869,105373869,27.650675,LINC01614,
92691,92691,27.650675,TMEM169,
107985985,107985985,27.650805,SMARCAL1-AS1,
6168,6168,26.338215,RPL37A,
3485,3485,26.337494,IGFBP2,
3488,3488,26.338215,IGFBP5,
7145,7145,26.85963,TNS1,
285180,285180,27.651411,RUFY4,
3580,3580,8.919573,CXCR2P1,
100189253,100189253,27.64896,TRY-ATA1-1,
151306,151306,27.651411,GPBAR1,
57695,57695,26.85963,USP37,
53632,53632,26.85963,PRKAG3,
7475,7475,26.85963,WNT6,
107984111,,,,True
100129175,100129175,27.651411,CFAP65-AS1,
255101,255101,27.651474,CFAP65,
80086,80086,26.859024,TUBA4B,
10290,10290,27.650805,SPEG,
23363,23363,27.650805,OBSL1,
3623,3623,26.338165,INHA,
6508,6508,26.85718,SLC4A3,
5077,5077,26.85718,PAX3,
440934,440934,27.64896,CT75,
57590,57590,27.650805,WDFY1,
55619,55619,26.337494,DOCK10,
57624,57624,27.64896,NYAP2,
3667,3667,26.85718,IRS1,
1286,1286,26.335646,COL4A4,
1285,1285,26.335646,COL4A3,
80704,80704,26.85718,SLC19A3,
80309,80309,27.651411,SPHKAP,
55022,55022,27.651411,PID1,
92737,92737,26.858898,DNER,
3431,3431,26.858898,SP110,
11262,11262,26.85963,SP140,
93349,93349,26.858898,SP140L,
105373925,105373925,27.650675,LOC105373925,
6672,6672,26.337978,SP100,
101928816,101928816,27.650675,LOC101928816,
112268431,112268431,27.650675,LOC112268431,
9290,9290,26.85963,GPR55,
5707,5707,26.85963,PSMD1,
107985998,107985998,27.651289,LOC107985998,
100302285,100302285,27.651289,MIR1244-1,
200765,200765,27.651289,TIGD1,
100847037,100847037,27.651411,MIR5001,
389084,389084,27.651474,SNORC,
25791,25791,26.859694,NGEF,
3635,3635,26.858898,INPP5D,
55355,55355,26.858898,HJURP,
105373936,105373936,27.651474,LOC105373936,
23677,23677,26.858898,SH3BP4,
105373939,105373939,27.650805,LOC105373939,
27321,27321,27.650675,TNRC17,
105373943,,,,True
105373942,105373942,27.651289,LOC105373942,
57007,57007,26.859694,ACKR3,
105373948,105373948,27.651474,LOC105373948,
105373949,105373949,27.651289,LOC105373949,
105373957,105373957,27.650675,LOC105373957,
64284,64284,27.650675,RAB17,
377007,377007,27.651525,KLHL30,
8864,8864,26.338215,PER2,
107986003,107986003,27.651525,LOC107986003,
100287387,100287387,27.651525,LOC100287387,
117581,117581,26.859509,TWIST2,
105373968,105373968,27.651289,LOC105373968,
2817,2817,26.85718,GPC1,
107985787,107985787,27.651474,LOC107985787,
105373970,105373970,27.64896,SNED1-AS1,
23178,23178,27.651289,PASK,
105376810,105376810,27.651289,LOC105376810,
101927509,101927509,27.651289,HDLBP-AS1,
105373974,105373974,27.650805,LOC105373974,
666,666,27.650805,BOK,
5133,5133,26.337494,PDCD1,
105373977,105373977,27.650805,LOC105373977,
285093,285093,27.650805,RTP5,
285095,285095,27.650805,FAM240C,
27255,27255,26.859024,CNTN6,
152330,152330,27.651474,CNTN4,
102723512,102723512,27.651411,LOC102723512,
6419,6419,26.859024,SETMAR,
107986008,,,,True
100507582,100507582,27.651474,BHLHE40-AS1,
9695,9695,26.859749,EDEM1,
5021,5021,26.859749,OXTR,
63924,63924,26.338097,CIDEC,
2177,2177,26.859694,FANCD2,
115795,115795,27.64896,FANCD2OS,
6538,6538,26.85718,SLC6A11,
105376951,105376951,27.650675,LOC105376951,
6854,6854,26.858898,SYN2,
7079,7079,26.335646,TIMP4,
5468,5468,26.335646,PPARG,
55287,55287,27.64896,TMEM40,
6161,6161,26.85718,RPL32,
23225,23225,26.859749,NUP210,
2199,2199,26.335646,FBLN2,
100132526,100132526,8.91902,FGD5P1,
348825,348825,8.91902,TPRXL,
107986063,107986063,27.651525,XPC-AS1,
6533,6533,26.859749,SLC6A6,
84077,84077,27.651411,FAM194C,
105376963,105376963,27.651411,LOC105376963,
344875,344875,8.91983,COL6A4P1,
85403,85403,27.651474,EAF1,
92106,92106,27.651289,OXNAD1,
107986065,107986065,27.650675,LOC107986065,
23180,23180,27.651289,RFTN1,
1618,1618,27.650675,DAZL,
23228,23228,27.651289,PLCL2,
339862,339862,27.651289,BALR6,
101927777,101927777,27.651411,SATB1-AS1,
151651,151651,26.85963,EFHB,
8850,8850,26.338097,KAT2B,
151648,151648,26.85963,SGO1,
100874028,100874028,27.650675,SGO1-AS1,
79750,79750,27.650675,ZNF385D,
100616477,100616477,27.651289,MIR4442,
116135,116135,27.651289,LRRC3B,
152110,152110,27.651289,NEK10,
107986071,,,,True
105377006,105377006,27.651289,LINC02084,
8320,8320,26.859509,EOMES,
105377007,105377007,27.650805,LINC01980,
100873979,100873979,27.650805,RBMS3-AS3,
27303,27303,26.85963,RBMS3,
101928015,101928015,27.650675,LINC01985,
344787,344787,26.859749,ZNF860,
152189,152189,26.859749,CMTM8,
112616,112616,26.859694,CMTM7,
1233,1233,26.859694,CCR4,
105377022,,,,True
107986072,107986072,27.651474,LOC107986072,
107986073,,,,True
643853,643853,27.650675,TMPPE,
6769,6769,26.858898,STAC,
105377031,105377031,27.650675,LINC02033,
9881,9881,27.650675,TRANK1,
152048,152048,27.651474,GOLGA4-AS1,
101928153,101928153,27.651474,ITGA9-AS1,
9940,9940,27.651525,DLEC1,
105377033,105377033,27.651525,LOC105377033,
100128640,100128640,27.651474,ACVR2B-AS1,
93,93,26.85963,ACVR2B,
11280,11280,26.85963,SCN11A,
64651,64651,27.651411,CSRNP1,
105377035,105377035,27.651474,LOC105377035,
165904,165904,27.651474,XIRP1,
1237,1237,26.859694,CCR8,
574040,574040,27.651474,SNORA6,
956,956,26.338165,ENTPD3,
105377043,105377043,27.650805,LOC105377043,
54986,54986,26.337494,ULK4,
92999,92999,27.650805,ZBTB47,
57467,57467,27.651289,HHATL,
152206,152206,27.651289,CCDC13,
100506243,100506243,27.650805,KRABD1,
100873954,100873954,27.651289,SNRK-AS1,
101928529,101928529,27.651289,LOC101928529,
285346,285346,27.651525,ZNF852,
101928592,,,,True
91392,91392,27.651474,ZNF502,
56992,56992,26.859694,KIF15,
7123,7123,26.85718,CLEC3B,
101928636,101928636,27.651525,LOC101928636,
8994,8994,26.85718,LIMD1,
644714,644714,27.650805,LIMD1-AS1,
22908,22908,26.337494,SACM1L,
54716,54716,26.335646,SLC6A20,
10663,10663,26.85718,CXCR6,
2829,2829,26.859024,XCR1,
105377067,105377067,27.651525,LOC105377067,
1230,1230,26.859509,CCR1,
1232,1232,26.859749,CCR3,
729230,729230,26.859749,CCR2,
102724297,102724297,27.64896,CCR5AS,
1234,1234,26.858898,CCR5,
9034,9034,26.85963,CCRL2,
259173,259173,27.650675,ALS2CL,
259236,259236,27.651411,TMIE,
29122,29122,27.650675,PRSS50,
4634,4634,26.858898,MYL3,
5745,5745,26.338215,PTH1R,
10675,10675,27.651411,CSPG5,
993,993,26.858898,CDC25A,
820,820,26.858898,CAMP,
51385,51385,26.337494,ZNF589,
646424,646424,27.651525,SPINK8,
90226,90226,26.858898,UCN2,
1294,1294,26.337366,COL7A1,
100313843,100313843,27.651525,MIR711,
102465495,102465495,27.64896,MIR6824,
3913,3913,26.85963,LAMB2,
22973,22973,8.91981,LAMB2P1,
339834,339834,27.651411,IHO1,
100132677,100132677,27.64896,BSN-DT,
8927,8927,26.85718,BSN,
7318,7318,26.338215,UBA7,
100775107,100775107,27.651289,RBM5-AS1,
7869,7869,26.859509,SEMA3B,
132228,132228,27.651289,LSMEM2,
3373,3373,26.859509,HYAL1,
118442,118442,27.651525,GPR62,
57060,57060,26.859749,PCBP4,
84836,84836,27.651525,ABHD14B,
100526760,100526760,27.651525,ABHD14A-ACY1,
25864,25864,26.85963,ABHD14A,
6159,6159,26.85963,RPL29,
1849,1849,26.85963,DUSP7,
101929054,101929054,27.651411,TWF2-DT,
100874110,100874110,27.651289,GLYCTK-AS1,
56920,56920,26.859509,SEMA3G,
105377091,,,,True
64943,64943,27.651411,NT5DC2,
3697,3697,27.651474,ITIH1,
389125,389125,27.651411,MUSTN1,
55349,55349,26.337494,CHDH,
26059,26059,26.859024,ERC2,
54756,54756,26.859509,IL17RD,
105377101,105377101,27.650805,LOC105377101,
105377102,105377102,27.650805,LOC105377102,
105377106,105377106,27.650805,LOC105377106,
11170,11170,27.650805,FAM107A,
105377108,105377108,27.650805,FAM3D-AS1,
131177,131177,27.650805,FAM3D,
200844,200844,27.650805,CFAP20DC,
5793,5793,27.651474,PTPRG,
8618,8618,27.650805,CADPS,
100130345,100130345,8.919615,CDHR18P,
100507062,100507062,27.650675,PSMD6-AS2,
166336,166336,26.85718,PRICKLE2,
105377123,105377123,27.64896,LOC105377123,
101929335,101929335,27.651474,ADAMTS9-AS1,
100507098,100507098,27.651474,ADAMTS9-AS2,
105377124,105377124,27.651474,LOC105377124,
9223,9223,26.859694,MAGI1,
151877,151877,27.651474,MAGI1-IT1,
115286,115286,26.85718,SLC25A26,
26018,26018,26.85718,LRIG1,
84541,84541,27.650675,KBTBD8,
285286,285286,27.650675,LINC00877,
55096,55096,27.650675,EBLN2,
107986098,107986098,27.650675,LOC107986098,
23024,23024,27.64896,PDZRN3,
101927296,101927296,27.64896,LOC101927296,
101927249,101927249,27.64896,PDZRN3-AS1,
5067,5067,27.651525,CNTN3,
100846999,100846999,27.651525,MIR4444-2,
107986100,107986100,27.650675,LINC02018,
401074,401074,27.650675,LINC00960,
6091,6091,26.85718,ROBO1,
105377177,105377177,27.64896,LOC105377177,
101927439,101927439,27.651525,LOC101927439,
8545,8545,27.651474,CGGBP1,
55279,55279,27.651525,ZNF654,
285237,285237,27.651525,C3orf38,
2042,2042,26.859694,EPHA3,
5627,5627,26.338215,PROS1,
415117,415117,27.651525,STX19,
200895,200895,26.859694,DHFR2,
84100,84100,26.859509,ARL6,
2838,2838,26.859509,GPR15,
10402,10402,26.859509,ST3GAL6,
101929357,101929357,27.651289,HP09053,
9868,9868,26.337978,TOMM70,
55076,55076,27.651289,TMEM45A,
50939,50939,26.859509,IMPG2,
57337,57337,27.651289,SENP7,
131909,131909,8.91983,ARB2BP,
27107,27107,26.859694,ZBTB11,
100009676,100009676,27.651474,ZBTB11-AS1,
6152,6152,26.859694,RPL24,
105374013,,,,True
79598,79598,26.859694,CEP97,
91775,91775,27.651474,NXPE3,
152225,152225,27.651525,RDUR,
105374020,105374020,27.651411,LOC105374020,
105374021,105374021,27.651411,LOC105374021,
107986107,,,,True
105374024,105374024,27.651411,LOC105374024,
105374027,105374027,27.651525,LOC105374027,
107986110,107986110,27.64896,LOC107986110,
100302640,100302640,27.651525,LINC00882,
101929623,101929623,27.650675,LINC01215,
11148,11148,27.650675,HHLA2,
57650,57650,27.651525,CIP2A,
50852,50852,26.337494,TRAT1,
55211,55211,27.650805,DPPA4,
151760,151760,27.650805,LOC151760,
10225,10225,27.64896,CD96,
79413,79413,27.64896,ZBED2,
257068,257068,27.651411,PLCXD2,
90102,90102,27.651289,PHLDB2,
257144,257144,27.64896,GCSAM,
112268446,,,,True
151888,151888,26.859509,BTLA,
112268447,,,,True
100506621,,,,True
131450,131450,26.859024,CD200R1,
107986114,,,,True
107986113,,,,True
91653,91653,26.859509,BOC,
152185,152185,27.651289,SPICE1,
54847,54847,27.650805,SIDT1,
523,523,26.337366,ATP6V1A,
107986115,,,,True
7634,7634,27.651411,ZNF80,
201633,201633,27.651411,TIGIT,
100131117,100131117,27.651411,ZBTB20-AS1,
101926886,,,,True
4045,4045,27.650675,LSAMP,
152404,152404,27.650675,IGSF11,
100874201,100874201,27.651411,B4GALT4-AS1,
941,941,26.85963,CD80,
51365,51365,26.337366,PLA1A,
105374062,,,,True
8856,8856,26.85718,NR1I2,
11167,11167,26.85718,FSTL1,
9515,9515,26.85718,STXBP5L,
10721,10721,27.650675,POLQ,
3059,3059,27.650675,HCLS1,
55840,55840,27.651411,EAF2,
6565,6565,27.650805,SLC15A2,
101927010,101927010,27.651411,LOC101927010,
942,942,26.859509,CD86,
105374071,105374071,27.650675,LOC105374071,
83666,83666,27.651474,PARP9,
151636,151636,26.85718,DTX3L,
165631,165631,27.650805,PARP15,
54625,54625,26.338097,PARP14,
100873940,100873940,27.651289,MYLK-AS2,
54763,54763,27.64896,ROPN1,
3693,3693,26.338097,ITGB5,
114885,114885,26.85963,OSBPL11,
105374312,105374312,27.651411,LOC105374312,
101927056,101927056,27.651289,LINC02614,
152015,152015,27.651289,ROPN1B,
10840,10840,26.859024,ALDH1L1,
100874204,100874204,27.650675,ALDH1L1-AS1,
107986124,107986124,27.650805,LOC107986124,
28999,28999,26.859024,KLF15,
166012,166012,26.338215,CHST13,
131601,131601,26.859749,TPRA1,
4171,4171,26.335646,MCM2,
107986126,107986126,27.651289,LOC107986126,
11343,11343,26.859024,MGLL,
2624,2624,26.85718,GATA2,
105374105,105374105,27.651411,LINC02014,
646300,646300,8.91981,COL6A4P2,
256076,256076,26.858898,COL6A5,
131873,131873,26.858898,COL6A6,
79858,79858,27.650675,NEK11,
339874,339874,27.650675,NUDT16-DT,
105374114,105374114,27.650675,LOC105374114,
51554,51554,26.858898,ACKR4,
101927432,101927432,27.651525,LOC101927432,
8419,8419,27.651525,BFSP2,
11073,11073,26.859694,TOPBP1,
7018,7018,26.859694,TF,
80111,80111,27.651474,C3orf36,
105374118,105374118,27.651474,LOC105374118,
2047,2047,26.338165,EPHB1,
339855,339855,27.651474,KY,
55167,55167,26.859694,MSL2,
80723,80723,27.651289,SLC35G2,
101927597,101927597,27.651289,NCK1-DT,
107986136,107986136,27.650805,IL20RB-AS1,
105374127,105374127,27.64896,LOC105374127,
199221,199221,27.64896,DZIP1L,
22808,22808,26.859024,MRAS,
9276,9276,26.337494,COPB2,
5947,5947,26.859749,RBP1,
92369,92369,27.651525,SPSB4,
54464,54464,26.859749,XRN1,
5357,5357,26.859749,PLS1,
26577,26577,26.337978,PCOLCE2,
101927832,101927832,27.651289,PAQR9-AS1,
100289361,100289361,27.651289,U2SURP-AS1,
5352,5352,26.858898,PLOD2,
105374145,105374145,27.650675,LOC105374145,
101927866,101927866,27.650675,LINC02010,
112268449,112268449,27.650675,LOC112268449,
84107,84107,26.859509,ZIC4,
7545,7545,26.859509,ZIC1,
1360,1360,26.337978,CPB1,
6596,6596,26.858898,HLTF,
100873945,100873945,27.650675,HLTF-AS1,
84343,84343,27.650805,HPS3,
1356,1356,26.859509,CP,
107986140,,,,True
116441,116441,27.651289,TM4SF18,
4071,4071,27.651289,TM4SF1,
100874091,100874091,27.64896,TM4SF1-AS1,
105374151,105374151,27.651525,LOC105374151,
7104,7104,27.650805,TM4SF4,
100128025,100128025,27.64896,WWTR1-AS1,
105374152,,,,True
29909,29909,27.650805,GPR171,
53836,53836,27.651525,GPR87,
285313,285313,26.85963,IGSF10,
105374158,105374158,27.651411,LINC02066,
344752,344752,26.85963,AADACL2,
201651,201651,8.91981,AADACP1,
105374160,,,,True
56670,56670,26.85963,SUCNR1,
4154,4154,27.651411,MBNL1,
105374163,105374163,27.650805,LOC105374163,
105374166,105374166,27.650805,LINC03109,
4311,4311,26.85718,MME,
23007,23007,26.335646,PLCH1,
100874084,100874084,27.64896,KCNAB1-AS1,
339894,339894,27.64896,LINC00880,
79674,79674,27.651474,VEPH1,
5806,5806,26.859694,PTX3,
152078,152078,8.664417,SLC66A1LP,
100996447,100996447,27.64896,MLF1-DT,
85476,85476,27.650805,GFM1,
5918,5918,27.650805,RARRES1,
100287290,100287290,27.64896,LOC100287290,
105374181,105374181,27.64896,LOC105374181,
100505385,100505385,27.651525,IQCJ-SCHIP1,
29970,29970,27.651474,SCHIP1,
401097,401097,27.650675,C3orf80,
10051,10051,26.858898,SMC4,
286827,286827,27.650805,TRIM59,
677767,677767,27.650805,SCARNA7,
112268450,112268450,27.650805,LOC112268450,
105374191,105374191,27.650675,LOC105374191,
590,590,26.859749,BCHE,
107986152,,,,True
344657,344657,27.651525,LRRIQ4,
100128164,100128164,8.9198475,FHL1P1,
26996,26996,27.651525,GPR160,
80012,80012,27.651474,PHC3,
5010,5010,26.859749,CLDN11,
57709,57709,26.338215,SLC7A14,
101928583,101928583,27.651525,SLC7A14-AS1,
107986153,,,,True
57552,57552,26.338165,NCEH1,
1894,1894,26.859024,ECT2,
22871,22871,26.859024,NLGN1,
254827,254827,27.651525,NAALADL2,
100505547,100505547,27.651525,LINC01208,
102724550,102724550,27.651411,LINC02015,
105374235,105374235,27.651411,LOC105374235,
104797538,104797538,27.651474,KCNMB2-AS1,
27094,27094,26.859694,KCNMB3,
59345,59345,26.859694,GNB4,
339829,339829,27.651474,CCDC39,
101928882,101928882,27.651474,LINC03184,
23200,23200,27.651474,ATP11B,
27074,27074,26.859694,LAMP3,
89857,89857,27.651411,KLHL6,
100874019,100874019,27.651411,KLHL6-AS1,
107986162,107986162,27.650805,LOC107986162,
90113,90113,26.85963,VWA5B2,
9718,9718,27.650805,ECE2,
131408,131408,27.64896,FAM131A,
7066,7066,26.85718,THPO,
8646,8646,26.85718,CHRD,
105374250,105374250,27.64896,LINC02054,
2049,2049,26.85718,EPHB3,
10644,10644,27.651289,IGF2BP2,
344887,344887,8.91902,NMRAL2P,
2119,2119,27.64896,ETV5,
1608,1608,26.859694,DGKG,
1427,1427,27.651474,CRYGS,
619567,619567,27.651474,SNORD2,
109617006,109617006,27.651474,SNORA63B,
100302143,100302143,27.651474,MIR1248,
677847,677847,27.651474,SNORA81,
6043,6043,27.651474,SNORA63,
619568,619568,27.651289,SNORA4,
9370,9370,26.859694,ADIPOQ,
6480,6480,26.337978,ST6GAL1,
116832,116832,27.650675,RPL39L,
5648,5648,26.859509,MASP1,
101929130,101929130,27.650675,LOC101929130,
105374261,105374261,27.651525,LINC02041,
105374263,105374263,27.64896,LOC105374263,
105374264,105374264,27.64896,LOC105374264,
105374266,105374266,27.64896,LINC01991,
401105,401105,27.64896,FLJ42393,
8626,8626,26.337366,TP63,
55214,55214,26.858898,P3H2,
101929152,101929152,27.651289,P3H2-AS1,
9076,9076,26.858898,CLDN1,
106480738,106480738,27.651289,OSTN-AS1,
257313,257313,26.859509,UTS2B,
2257,2257,26.85963,FGF12,
57110,57110,26.85963,PLAAT1,
344905,344905,26.338097,ATP13A5,
84239,84239,26.338097,ATP13A4,
100873941,100873941,27.651411,OPA1-AS1,
105374284,105374284,27.650675,LOC105374284,
105374287,105374287,27.650675,LOC105374287,
105374286,105374286,27.651525,LOC105374286,
3280,3280,26.859749,HES1,
100131551,100131551,27.651525,LINC00887,
1370,1370,27.651289,CPN2,
131578,131578,26.859509,LRRC15,
2814,2814,26.859694,GP5,
401106,401106,27.651525,ATP13A3-DT,
101410543,101410543,27.650675,XXYLT1-AS2,
105374296,105374296,27.64896,LOC105374296,
23527,23527,27.64896,ACAP2,
347,347,27.64896,APOD,
100128262,100128262,27.650675,TNK2-AS1,
7037,7037,25.947956,TFRC,
100874034,100874034,27.650675,UBXN7-AS1,
205564,205564,26.858898,SENP5,
100874001,100874001,27.650805,NCBP2-AS1,
4241,4241,26.337494,MELTF,
100507057,100507057,27.650805,MELTF-AS1,
100507086,100507086,27.650805,DLG1-AS1,
112268458,112268458,27.650805,LOC112268458,
100126321,100126321,27.650805,MIR922,
6165,6165,26.859509,RPL35A,
100873947,100873947,27.651289,LMLN-AS1,
348840,348840,8.919615,ANKRD18DP,
105379426,105379426,27.651525,LOC105379426,
101928669,101928669,27.651411,LOC101928669,
105374336,105374336,27.651411,LOC105374336,
100129917,100129917,27.651411,PCGF3-AS1,
285498,285498,27.651411,RNF212,
10417,10417,26.338215,SPON2,
10460,10460,26.859509,TACC3,
112268460,112268460,27.651289,LOC112268460,
677770,677770,27.651289,SCARNA22,
339983,339983,26.338215,ASPNAT,
57732,57732,27.651525,ZFYVE28,
105374352,105374352,27.651289,LOC105374352,
107986249,107986249,27.651525,LOC107986249,
102723763,102723763,27.651525,LINC03159,
2868,2868,26.338215,GRK4,
3083,3083,26.859749,HGFAC,
105374354,105374354,27.651411,LOC105374354,
285489,285489,27.651411,DOK7,
27065,27065,26.859024,NSG1,
4487,4487,26.337494,MSX1,
132884,132884,26.859024,EVC2,
1400,1400,27.64896,CRMP1,
389197,389197,27.650675,C4orf50,
152789,152789,27.651411,JAKMIP1,
285484,285484,27.650675,JAKMIP1-DT,
107986257,,,,True
339988,339988,27.650675,LINC02481,
6286,6286,26.858898,S100P,
730971,730971,27.650675,LINC02447,
105374373,105374373,27.651289,HTRA3-AS1,
94031,94031,27.651289,HTRA3,
112268463,,,,True
105374376,,,,True
8532,8532,27.650675,CPZ,
3166,3166,27.650675,HMX1,
105369250,105369250,27.64896,LOC105369250,
105374476,105374476,27.650675,SLC2A9-AS1,
85460,85460,27.650675,ZNF518B,
116449,116449,27.64896,CLNK,
105374482,105374482,27.651289,CLNK-AS1,
102723525,102723525,27.651411,LINC02498,
259282,259282,27.651411,BOD1L1,
152742,152742,27.64896,LINC01085,
201853,201853,27.64896,LINC00504,
105374496,105374496,27.64896,LOC105374496,
132864,132864,27.64896,CPEB2,
114905,114905,26.858898,C1QTNF7,
107986185,107986185,27.650675,LOC107986185,
683,683,26.335646,BST1,
952,952,26.85963,CD38,
9982,9982,26.85963,FGFBP1,
83888,83888,27.651525,FGFBP2,
8842,8842,26.337494,PROM1,
105374505,105374505,27.650805,LDB2-AS1,
9079,9079,27.650805,LDB2,
5860,5860,26.337494,QDPR,
51056,51056,27.650805,LAP3,
64151,64151,26.859749,NCAPG,
254251,254251,27.651525,LCORL,
107986264,107986264,27.651525,LINC02438,
105374511,105374511,27.651289,LINC03216,
166647,166647,27.651525,ADGRA3,
10891,10891,26.859024,PPARGC1A,
6649,6649,26.337978,SOD3,
55203,55203,26.338097,LGI2,
105374534,105374534,27.651411,LOC105374534,
285540,285540,27.651411,SEPSECS-DT,
55300,55300,26.85963,PI4K2B,
23231,23231,27.651411,SEL1L3,
102723733,102723733,27.650805,LOC102723733,
105374538,105374538,27.650805,SMIM20-AS1,
105374541,105374541,27.650805,LOC105374541,
102723828,102723828,27.651289,LINC02506,
102723846,102723846,27.64896,LOC102723846,
116984,116984,26.859749,ARAP2,
439933,439933,27.650805,ARAP2-AS1,
401124,401124,27.651411,DTHD1,
105374399,105374399,27.651474,LOC105374399,
100508631,100508631,27.651474,LINC02616,
106144599,106144599,27.651289,LINC01259,
102723415,,,,True
79667,79667,27.651474,KLF3-AS1,
105374413,105374413,27.651474,LOC105374413,
105374412,,,,True
81793,81793,26.337978,TLR10,
7096,7096,26.338165,TLR1,
10333,10333,26.338215,TLR6,
80008,80008,27.651525,TMEM156,
152831,152831,26.859694,KLB,
6133,6133,26.859694,RPL9,
7358,7358,26.858898,UGDH,
55728,55728,27.64896,N4BP2,
399,399,26.85718,RHOH,
22998,22998,26.85718,LIMCH1,
105374423,105374423,27.651474,LOC105374423,
389206,389206,27.651289,BEND4,
10396,10396,26.337366,ATP8A1,
105374430,105374430,27.651474,LOC105374430,
100506827,100506827,27.651474,LINC02475,
170712,170712,26.335646,COX7B2,
101927179,101927179,27.64896,CORIN-AS1,
1259,1259,26.335646,CNGA1,
7294,7294,26.859749,TXK,
285527,285527,26.85718,FRYL,
80157,80157,27.651525,CWH43,
101927209,101927209,27.651289,LOC101927209,
643783,643783,27.650675,USP46-DT,
100873955,100873955,27.650675,LNX1-AS2,
3815,3815,26.858898,KIT,
9575,9575,26.858898,CLOCK,
105377663,105377663,27.650675,EXOC1-AS1,
9662,9662,27.64896,CEP135,
57482,57482,27.651289,CRACD,
5471,5471,26.859509,PPAT,
3490,3490,26.337366,IGFBP7,
23284,23284,26.859749,ADGRL3,
101927186,101927186,27.651289,ADGRL3-AS1,
105377256,105377256,27.651525,LINC02835,
26228,26228,27.651525,STAP1,
7367,7367,26.859509,UGT2B17,
7364,7364,26.859509,UGT2B7,
105377267,105377267,27.651411,UGT2B11-AS1,
10720,10720,26.85963,UGT2B11,
54490,54490,26.859749,UGT2B28,
27284,27284,26.858898,SULT1B1,
54959,54959,26.858898,ODAM,
260436,260436,27.651525,FDCSP,
10879,10879,26.85963,SMR3B,
58503,58503,26.858898,OPRPN,
10117,10117,27.650675,ENAM,
1633,1633,26.859749,DCK,
112268467,112268467,27.651411,COX18-DT,
174,174,26.85718,AFP,
5197,5197,26.859694,PF4V1,
2921,2921,26.85963,CXCL3,
2920,2920,26.859749,CXCL2,
105377283,105377283,27.651474,LINC02562,
100506253,100506253,27.651474,LOC100506253,
8999,8999,27.651474,CDKL2,
9908,9908,26.338165,G3BP2,
101928809,101928809,27.651411,SDAD1-AS1,
4283,4283,26.858898,CXCL9,
3627,3627,26.337494,CXCL10,
6373,6373,26.859749,CXCL11,
57619,57619,27.64896,SHROOM3,
105377295,105377295,27.651525,LOC105377295,
10563,10563,26.859024,CXCL13,
105377296,105377296,27.650675,CXCL13-AS1,
246175,246175,26.337494,CNOT6L,
306,306,26.859694,ANXA3,
101928893,101928893,27.650675,LOC101928893,
100505875,100505875,27.651525,LINC01088,
100506035,100506035,27.650805,LINC00989,
105377303,105377303,27.651289,PRDM8-AS1,
5593,5593,26.859509,PRKG2,
105377310,105377310,27.651289,TMEM150C-AS1,
106633808,106633808,27.64896,SNORD143,
106633809,106633809,27.64896,SNORD144,
132660,132660,26.85718,LIN54,
51316,51316,26.85963,PLAC8,
10855,10855,26.858898,HPSE,
102723338,102723338,27.651525,CDS1-AS1,
404201,404201,27.651289,WDFY3-AS2,
5602,5602,26.859509,MAPK10,
345275,345275,27.651289,HSD17B13,
3381,3381,26.859024,IBSP,
9429,9429,26.337978,ABCG2,
152926,152926,26.85718,PPM1K,
55008,55008,26.859509,HERC6,
102723458,102723458,27.651411,HERC5-AS1,
51191,51191,27.651411,HERC5,
8916,8916,26.85963,HERC3,
266812,266812,27.651474,NAP1L5,
105377327,105377327,27.651411,LOC105377327,
285513,285513,27.651411,GPRIN3,
6622,6622,26.85963,SNCA,
27306,27306,26.338165,HPGDS,
100507012,100507012,27.650675,BMPR1B-DT,
658,658,26.859749,BMPR1B,
8633,8633,26.859509,UNC5C,
105377340,105377340,27.651289,LOC105377340,
100507053,100507053,27.650675,LOC100507053,
127,127,26.859024,ADH4,
130,130,26.85718,ADH6,
124,124,26.85718,ADH1A,
125,125,26.338215,ADH1B,
126,126,26.337978,ADH1C,
4547,4547,26.858898,MTTP,
27071,27071,26.859024,DAPP1,
79982,79982,26.859749,DNAJB14,
51705,51705,27.651289,EMCN,
90024,90024,27.64896,PPP3CA-DT,
55024,55024,27.651525,BANK1,
105377621,105377621,27.651289,NFKB1-AS1,
105377347,105377347,27.64896,NFKB1-AS2,
150159,150159,26.858898,SLC9B1,
56898,56898,25.947956,BDH2,
1062,1062,26.337494,CENPE,
6870,6870,25.947956,TACR3,
54848,54848,27.650805,ARHGEF38,
166929,166929,26.859024,SGMS2,
107986298,107986298,27.651474,LOC107986298,
51176,51176,26.337494,LEF1,
641518,641518,27.650805,LEF1-AS1,
285456,285456,27.651474,RPL34-DT,
6164,6164,26.859749,RPL34,
84570,84570,26.859749,COL25A1,
1950,1950,26.338215,EGF,
107986303,,,,True
107986304,,,,True
63973,63973,26.85718,NEUROG2,
55345,55345,26.85718,ZGRF1,
105377375,105377375,27.64896,LOC105377375,
79642,79642,27.651289,ARSJ,
105377379,105377379,27.651289,LOC105377379,
100093630,100093630,27.651289,SNHG8,
8492,8492,26.859509,PRSS12,
645455,645455,8.91981,CEP170P1,
8654,8654,26.859694,PDE5A,
4085,4085,26.85963,MAD2L1,
79625,79625,26.85963,NDNF,
79931,79931,26.858898,TNIP3,
84109,84109,27.650675,QRFPR,
132332,132332,27.650675,SMIM43,
100192379,100192379,27.651411,PP12613,
890,890,26.859509,CCNA2,
7222,7222,26.859509,TRPC3,
3558,3558,26.859694,IL2,
59067,59067,25.947956,IL21,
100996941,100996941,27.650805,IL21-AS1,
2247,2247,26.859024,FGF2,
11162,11162,27.650805,NUDT6,
166378,166378,26.859024,AFG2A,
107986311,107986311,27.650805,LINC02435,
285419,285419,27.650805,LINC01091,
102724210,102724210,27.650805,LOC102724210,
107986312,107986312,27.650805,LOC107986312,
105377413,,,,True
10733,10733,26.858898,PLK4,
100507487,100507487,27.651289,LINC02615,
101927282,101927282,27.651289,LINC02466,
105377428,105377428,27.651289,LOC105377428,
57575,57575,26.858898,PCDH10,
100507528,100507528,27.650675,LINC00613,
105377441,105377441,27.650675,LINC02511,
23657,23657,26.858898,SLC7A11,
105377448,105377448,27.650675,LOC105377448,
84709,84709,27.650675,MGARP,
1047,1047,27.651474,CLGN,
644962,644962,8.919771,TNRC18P1,
57484,57484,26.85718,RNF150,
3600,3600,26.85718,IL15,
101927613,101927613,27.651474,INPP4B-AS1,
105377623,105377623,27.651474,USP38-DT,
84640,84640,27.651289,USP38,
100128055,100128055,27.651289,SMARCA5-AS1,
646576,646576,27.651289,HHIP-AS1,
64399,64399,26.85963,HHIP,
105377468,105377468,27.651411,LOC105377468,
1909,1909,26.338097,EDNRA,
105377478,,,,True
107986195,107986195,27.651474,NR3C2-DT,
105377481,105377481,27.651474,LOC105377481,
987,987,27.651411,LRBA,
6189,6189,26.85963,RPS3A,
152503,152503,27.651411,SH3D19,
100996286,100996286,27.651525,LINC02273,
105377492,105377492,27.651474,LOC105377492,
102191832,102191832,27.650675,FBXW7-AS1,
201799,201799,27.651289,TMEM154,
84057,84057,27.650675,MND1,
285533,285533,27.651411,RNF175,
6423,6423,26.335646,SFRP2,
54798,54798,26.85718,DCHS2,
9227,9227,26.85963,LRAT,
4887,4887,26.85718,NPY2R,
107986321,107986321,27.64896,NPY2R-AS1,
6999,6999,26.858898,TDO2,
2743,2743,26.85718,GLRB,
2891,2891,26.859509,GRIA2,
112268471,,,,True
101928081,101928081,27.64896,NAF1-AS1,
4889,4889,26.85718,NPY5R,
55016,55016,27.651411,MARCHF1,
100505989,100505989,27.651411,SMIM31,
100506013,100506013,27.651411,APELA,
391712,391712,27.650675,TRIM61,
1363,1363,26.85963,CPE,
11199,11199,27.650805,ANXA10,
105377524,105377524,27.650805,ANXA10-AS1,
55601,55601,27.651411,DDX60,
91351,91351,27.651474,DDX60L,
105377530,105377530,27.64896,LOC105377530,
100506085,100506085,27.64896,LINC02275,
9848,9848,27.651474,MFAP3L,
51166,51166,26.338165,AADAT,
107986326,107986326,27.650675,LOC107986326,
442117,442117,26.85963,GALNTL6,
3148,3148,26.338215,HMGB2,
101928383,,,,True
11341,11341,27.650675,SCRG1,
112268474,112268474,27.651411,SCRG1-AS1,
9464,9464,26.338097,HAND2,
79804,79804,27.651525,HAND2-AS1,
3248,3248,26.859749,HPGD,
105377551,105377551,27.650805,LOC105377551,
8001,8001,26.859694,GLRA3,
101928551,101928551,27.650805,LOC101928551,
11086,11086,27.650675,ADAM29,
105377552,105377552,27.651474,LOC105377552,
116966,116966,27.651411,WDR17,
132851,132851,27.651411,SPATA4,
7424,7424,26.85963,VEGFC,
55247,55247,26.85963,NEIL3,
285500,285500,27.651411,AGA-DT,
152641,152641,27.650805,WWC2-AS2,
53842,53842,26.859509,CLDN22,
105377581,105377581,27.651289,LOC105377581,
56977,56977,27.651289,STOX2,
133121,133121,26.859024,ENPP6,
102723766,102723766,27.650805,LINC02362,
107986206,,,,True
353322,353322,27.651474,ANKRD37,
441054,441054,27.651474,CFAP96,
256309,256309,27.651474,CCDC110,
105377590,105377590,27.651474,CCDC110-AS1,
27295,27295,27.651474,PDLIM3,
8470,8470,27.651525,SORBS2,
25854,25854,27.650675,FAM149A,
102723906,102723906,27.650805,LOC102723906,
107986335,107986335,27.650675,LOC107986335,
339975,339975,27.651289,LOC339975,
102723920,102723920,27.651411,LINC02515,
401164,401164,27.651411,LINC01060,
100874392,100874392,8.91902,ANKRD20A12P,
153478,153478,27.64896,PLEKHG4B,
389257,389257,27.64896,LRRC14B,
116349,116349,27.64896,EXOC3-AS1,
6550,6550,26.85963,SLC9A3,
25845,25845,27.651525,SLC9A3-OT1,
100288152,100288152,27.651289,SLC9A3-AS1,
11076,11076,27.651289,TPPP,
101929898,101929898,27.650675,TPPP-AS1,
653082,653082,27.650675,ZDHHC11B,
101928768,,,,True
79844,79844,27.650805,ZDHHC11,
85409,85409,26.85963,NKD2,
105374612,,,,True
107986396,107986396,27.651411,LOC107986396,
7015,7015,26.337494,TERT,
6531,6531,25.947956,SLC6A3,
101929003,101929003,27.64896,LOC101929003,
50805,50805,27.650805,IRX4,
101929056,101929056,27.650675,IRX4-AS1,
112267929,,,,True
112267947,,,,True
105374616,,,,True
105374618,105374618,27.650805,LOC105374618,
107986398,,,,True
153572,153572,27.651525,IRX2,
153571,153571,27.651411,IRX2-DT,
285577,285577,27.651411,LINC01019,
79192,79192,27.651474,IRX1,
107986399,107986399,27.651411,LOC107986399,
170690,170690,27.651525,ADAMTS16,
105374636,105374636,27.651289,LOC105374636,
401172,401172,27.64896,LINC02145,
108,108,26.859694,ADCY2,
134121,134121,27.650805,CFAP90,
100505806,100505806,27.651411,SNHG18,
100113384,100113384,27.650805,SNORD123,
101929977,101929977,26.859694,MARCHF6-DT,
113218502,113218502,27.651289,MIR10397,
651746,651746,27.650675,ANKRD33B,
1611,1611,26.85718,DAP,
105374654,105374654,27.651411,CTNND2-AS1,
105374655,105374655,27.651525,LOC105374655,
404663,404663,27.651525,LINC01194,
106635684,106635684,27.651474,SNORD141B,
441061,441061,27.650805,MARCHF11,
4651,4651,26.337494,MYO10,
107986408,107986408,27.650805,LINC02100,
1010,1010,26.859694,CDH12,
439936,439936,27.651474,LINC02899,
105374694,105374694,27.64896,LINC02228,
643401,643401,27.650675,PURPL,
101929660,101929660,27.650675,LINC02109,
23037,23037,27.651525,PDZD2,
4883,4883,27.650805,NPR3,
105374724,105374724,27.650805,LOC105374724,
3575,3575,26.859509,IL7R,
167127,167127,26.337978,UGT3A2,
92255,92255,27.651525,LMBRD2,
6502,6502,26.85963,SKP2,
202151,202151,27.651411,RANBP3L,
6507,6507,26.85718,SLC1A3,
107986413,,,,True
107986412,107986412,27.650805,SLC1A3-AS1,
9631,9631,26.859749,NUP155,
100861519,100861519,27.64896,GDNF-AS1,
133584,133584,26.338097,EGFLAM,
105374732,,,,True
3977,3977,26.337978,LIFR,
105374735,105374735,27.651525,LOC105374735,
105374733,,,,True
2533,2533,26.859694,FYB1,
101926940,101926940,27.651289,LINC02104,
345557,345557,27.651474,PLCXD3,
100874002,100874002,27.651474,OXCT1-AS1,
101926960,101926960,27.651411,LINC02996,
2690,2690,26.85963,GHR,
105374745,105374745,27.651525,LOC105374745,
643977,643977,27.651474,FLJ32255,
105374746,105374746,27.651474,LOC105374746,
105374748,105374748,27.650675,LOC105374748,
389289,389289,27.650675,ANXA2R,
153684,153684,27.651411,ANXA2R-AS1,
56477,56477,26.859694,CCL28,
105374749,105374749,27.650805,C5orf34-AS1,
100652772,100652772,27.651525,NNT-AS1,
23530,23530,26.337494,NNT,
2255,2255,26.85963,FGF10,
101927075,101927075,27.650805,FGF10-AS1,
102723839,102723839,27.650805,LINC02224,
100506674,100506674,27.651289,MRPS30-DT,
10884,10884,27.64896,MRPS30,
348980,348980,26.85718,HCN1,
133418,133418,27.64896,EMB,
79668,79668,26.859509,PARP8,
105378963,,,,True
105378964,,,,True
3673,3673,26.338165,ITGA2,
107986380,107986380,27.651411,LOC107986380,
10468,10468,26.85963,FST,
102467080,102467080,27.651411,LINC02998,
11082,11082,26.85963,ESM1,
102467081,102467081,27.650805,GZMK-AS1,
3003,3003,27.650675,GZMK,
3001,3001,27.650675,GZMA,
345643,345643,26.859509,MCIDAS,
10309,10309,26.338215,CCNO,
133396,133396,26.338165,IL31RA,
3572,3572,26.338215,IL6ST,
79722,79722,27.651411,ANKRD55,
101928419,101928419,27.651474,LOC101928419,
101928448,101928448,27.651474,C5orf67,
105378980,105378980,27.651289,LOC105378980,
102724122,102724122,27.651289,RMEL3,
100996645,100996645,27.651525,LNCBRM,
105378984,105378984,27.650675,LOC105378984,
10769,10769,26.858898,PLK2,
202309,202309,27.651411,GAPT,
25859,25859,27.651474,PART1,
55789,55789,27.651411,DEPDC1B,
91942,91942,26.85718,NDUFAF2,
101928630,101928630,27.651411,SMIM15-AS1,
3796,3796,26.338165,KIF2A,
100130733,100130733,27.651474,LRRC70,
285671,285671,27.650805,RNF180,
401190,401190,27.650805,RGS7BP,
100132916,100132916,27.651525,SHISAL2B,
64105,64105,26.859024,CENPK,
54557,54557,27.650805,SGTB,
4064,4064,26.859749,CD180,
105379011,105379011,27.651474,LOC105379011,
105379010,105379010,27.650805,LOC105379010,
891,891,26.858898,CCNB1,
107986372,107986372,27.651525,LOC107986372,
4131,4131,26.859694,MAP1B,
134285,134285,27.651289,TMEM171,
105379031,105379031,27.64896,LOC105379031,
64283,64283,26.85963,ARHGEF28,
26049,26049,27.651474,FAM169A,
51301,51301,26.338165,GCNT4,
728780,728780,27.651411,ANKDD1B,
22987,22987,26.338097,SV2C,
2150,2150,26.85718,F2RL1,
411,411,26.859509,ARSB,
23743,23743,26.859509,BHMT2,
101929215,101929215,27.650805,THBS4-AS1,
167555,167555,27.651525,FAM151B,
340120,340120,27.651525,ANKRD34B,
105379061,105379061,27.651525,LOC105379061,
105379062,105379062,27.651289,LOC105379062,
285622,285622,8.919771,NBPF22P,
105379064,105379064,27.64896,LOC105379064,
109729137,109729137,27.650805,MEF2C-AS2,
4208,4208,26.85718,MEF2C,
107986361,,,,True
102724637,102724637,27.650675,LOC102724637,
153364,153364,27.651525,MBLAC2,
116068,116068,27.651525,LYSMD3,
100505994,100505994,27.650675,LUCAT1,
105379082,105379082,27.650805,LOC105379082,
441094,441094,27.650805,NR2F1-AS1,
7025,7025,26.85963,NR2F1,
84250,84250,26.859509,SLF1,
153643,153643,27.651411,FAM81B,
9652,9652,26.337494,SKIC3,
202299,202299,27.651474,LINC01554,
107984114,,,,True
5122,5122,26.337494,PCSK1,
51752,51752,26.859694,ERAP1,
102724748,,,,True
64167,64167,26.85718,ERAP2,
4012,4012,26.858898,LNPEP,
101926893,101926893,27.650675,LIX1-AS1,
167410,167410,26.859694,LIX1,
7903,7903,26.85718,ST8SIA4,
107986437,107986437,27.651474,ST8SIA4-DT,
133482,133482,27.651411,SLCO6A1,
285708,285708,27.651411,LINC00491,
107986389,107986389,27.651411,NIHCOLE,
1946,1946,26.859509,EFNA5,
642987,642987,27.651289,TMEM232,
85480,85480,26.859509,TSLP,
814,814,26.859749,CAMK4,
134429,134429,26.85963,STARD4,
114915,114915,27.651474,EPB41L4A-AS1,
64848,64848,27.651474,YTHDC2,
3781,3781,26.859694,KCNN2,
100302736,100302736,27.651474,TMED7-TICAM2,
353376,353376,26.337978,TICAM2,
1036,1036,26.859509,CDO1,
107986443,107986443,27.64896,LINCADL,
206338,206338,27.651474,LVRN,
57556,57556,26.337494,SEMA6A,
728342,728342,27.650675,LINC00992,
100422885,100422885,27.650675,MIR1244-2,
1657,1657,26.337978,DMXL1,
25816,25816,27.651289,TNFAIP8,
105379149,105379149,27.651474,LOC105379149,
94033,94033,26.859749,FTMT,
153443,153443,26.859509,SRFBP1,
9627,9627,26.85718,SNCAIP,
153163,153163,27.651411,SNCAIP-AS3,
105379152,105379152,27.651289,PRDM6-AS1,
93166,93166,27.651525,PRDM6,
57507,57507,27.651289,ZNF608,
101927421,101927421,27.651289,LOC101927421,
65983,65983,27.651411,GRAMD2B,
501,501,26.85963,ALDH7A1,
4001,4001,26.85718,LMNB1,
105379163,105379163,27.650675,MARCHF3-DT,
728586,728586,27.651474,CCDC192,
6558,6558,25.947956,SLC12A2,
107986449,107986449,27.64896,LOC107986449,
56990,56990,27.651474,CDC42SE2,
51735,51735,27.651474,RAPGEF6,
23305,23305,26.859024,ACSL6,
100861518,100861518,27.651411,P4HA2-AS1,
8572,8572,27.650675,PDLIM4,
6583,6583,26.337494,SLC22A4,
102723741,102723741,27.64896,LINC02863,
3659,3659,26.859749,IRF1,
134549,134549,27.650675,SHROOM1,
105379182,105379182,27.651289,LOC105379182,
105379183,105379183,27.651411,C5orf15-DT,
100500905,100500905,27.651474,MIR3661,
10802,10802,26.85718,SEC24A,
107986452,,,,True
140947,140947,27.650805,DCANP1,
497189,497189,27.64896,TIFAB,
9547,9547,27.651289,CXCL14,
153328,153328,27.651289,SLC25A48,
105379189,105379189,27.651289,LOC105379189,
107986369,,,,True
107986368,107986368,27.651474,LOC107986368,
101928005,101928005,27.651411,PKD2L2-DT,
9499,9499,26.85963,MYOT,
10112,10112,26.859749,KIF20A,
995,995,26.85963,CDC25C,
1958,1958,26.859024,EGR1,
26785,26785,27.651525,SNORD63,
105379193,105379193,27.651474,HSPA9-AS1,
724102,724102,27.650805,SNHG4,
51247,51247,27.64896,PAIP2,
9963,9963,26.85718,SLC23A1,
51237,51237,26.85718,MZB1,
389333,389333,27.64896,PROB1,
202051,202051,27.650675,SPATA24,
641700,641700,27.650675,ECSCR,
111064649,111064649,27.651525,SMIM33,
84249,84249,27.651411,PSD2,
100500820,100500820,27.650805,MIR3655,
56144,56144,27.650675,PCDHA4,
56141,56141,27.650675,PCDHA7,
56134,56134,27.651525,PCDHAC2,
56129,56129,27.651525,PCDHB7,
56123,56123,27.650805,PCDHB13,
56121,56121,27.650805,PCDHB15,
9708,9708,26.85963,PCDHGA8,
56099,56099,26.859694,PCDHGB7,
56120,56120,8.91981,PCDHGB8P,
56098,56098,27.651474,PCDHGC4,
64411,64411,26.859509,ARAP3,
729080,729080,8.919771,GCSHP7,
107986455,107986455,27.651289,LOC107986455,
2246,2246,26.859509,FGF1,
101926975,101926975,27.651411,LINC01844,
153768,153768,27.651289,PRELID2,
107986458,107986458,27.651474,LOC107986458,
153769,153769,27.650805,SH3RF2,
153469,153469,27.650805,JAKMIP2-AS1,
9832,9832,27.651474,JAKMIP2,
6690,6690,26.859749,SPINK1,
11005,11005,27.650675,SPINK5,
79628,79628,26.859509,SH3TC2,
22885,22885,26.859509,ABLIM3,
106144529,106144529,27.651289,GRPEL2-AS1,
27190,27190,27.650675,IL17B,
728264,728264,27.650675,CARMN,
389337,389337,27.64896,ARHGEF37,
1836,1836,26.85718,SLC26A2,
5159,5159,26.85718,PDGFRB,
1044,1044,27.651474,CDX1,
972,972,26.859694,CD74,
3340,3340,26.859509,NDST1,
11346,11346,27.651411,SYNPO,
91977,91977,26.858898,MYOZ3,
85027,85027,27.651474,SMIM3,
345611,345611,27.651411,IRGM,
134466,134466,8.919573,ZNF300P1,
2878,2878,26.859509,GPX3,
107986463,107986463,27.651289,LOC107986463,
105378230,105378230,27.651289,LOC105378230,
206358,206358,26.85963,SLC36A1,
2196,2196,27.650675,FAT2,
2890,2890,26.337366,GRIA1,
386627,386627,27.650675,SAP30L-AS1,
153743,153743,27.651474,PPP1R2B,
91937,91937,26.85963,TIMD4,
26762,26762,26.338165,HAVCR1,
84868,84868,26.859749,HAVCR2,
3702,3702,26.85963,ITK,
26999,26999,26.859509,CYFIP2,
408263,408263,27.651289,FNDC9,
348938,348938,27.651411,NIPAL4,
8728,8728,26.859694,ADAM19,
105377675,105377675,27.651474,LOC105377675,
1879,1879,26.85718,EBF1,
107986467,107986467,27.651525,LOC107986467,
3593,3593,26.85718,IL12B,
107986469,,,,True
147,147,26.85963,ADRA1B,
79616,79616,27.64896,CCNJL,
114898,114898,26.859749,C1QTNF2,
9232,9232,26.859509,PTTG1,
107075116,107075116,27.651289,MIR3142HG,
406938,406938,27.651525,MIR146A,
23120,23120,26.858898,ATP10B,
2561,2561,26.859694,GABRB2,
3161,3161,26.85963,HMMR,
101927813,101927813,27.651474,HMMR-AS1,
345630,345630,26.859749,FBLL1,
6586,6586,25.947956,SLIT3,
101927969,101927969,27.651289,SLIT3-AS2,
107986470,,,,True
54908,54908,27.64896,SPDL1,
1794,1794,26.85718,DOCK2,
100131897,100131897,26.85718,INSYN2B,
2299,2299,27.651411,FOXI1,
133874,133874,27.650675,C5orf58,
3937,3937,26.859749,LCP2,
100128059,100128059,27.650675,LOC100128059,
3779,3779,26.858898,KCNMB1,
107986474,107986474,27.650675,LOC107986474,
2568,2568,27.651474,GABRP,
107986476,107986476,27.651474,LOC107986476,
6793,6793,26.859694,STK10,
107986477,,,,True
285590,285590,27.650805,SH3PXD2B,
107984004,107984004,27.651474,LOC107984004,
1843,1843,26.337366,DUSP1,
8614,8614,27.650675,STC2,
105377732,105377732,27.650675,LOC105377732,
285593,285593,27.64896,LINC02995,
101928154,101928154,27.651525,LINC01485,
4488,4488,26.859509,MSX2,
1812,1812,26.337494,DRD1,
94081,94081,26.859749,SFXN1,
107986485,,,,True
105377746,,,,True
202134,202134,27.651411,FAM153B,
100507387,,,,True
1212,1212,26.85963,CLTB,
112267951,,,,True
253314,253314,27.64896,EIF4E1B,
53917,53917,27.651411,RAB24,
79930,79930,27.651525,DOK3,
105377750,105377750,27.650805,FAM193B-DT,
285596,285596,27.651474,FAM153A,
107986490,,,,True
105377754,105377754,27.651411,LOC105377754,
112267937,112267937,27.651411,LOC112267937,
91522,91522,26.858898,COL23A1,
80108,80108,26.859024,ZFP2,
285676,285676,26.85963,ZNF454,
2916,2916,26.85718,GRM6,
4056,4056,26.85718,LTC4S,
255426,255426,27.651474,RASGEF1C,
102725231,102725231,27.651525,LOC102725231,
92304,92304,27.650675,SCGB3A1,
153579,153579,27.650675,BTNL9,
105377769,105377769,27.650675,TRIM7-AS2,
81786,81786,26.858898,TRIM7,
10399,10399,26.859749,RACK1,
105374869,105374869,27.651411,LIRIL2R,
102723922,,,,True
107986553,,,,True
3662,3662,26.337494,IRF4,
55770,55770,26.337494,EXOC2,
94234,94234,26.859749,FOXQ1,
2295,2295,26.859509,FOXF2,
102723944,102723944,27.651289,LOC102723944,
105374882,,,,True
2296,2296,26.337978,FOXC1,
154386,154386,27.651289,LINC01600,
100616285,100616285,27.651411,MIR4645,
101927730,101927730,27.651411,SERPINB9-AS1,
5272,5272,26.859024,SERPINB9,
101927759,101927759,27.651525,LOC101927759,
7280,7280,26.338165,TUBB2A,
347733,347733,26.85718,TUBB2B,
100507336,100507336,27.64896,LOC100507336,
221749,221749,27.651474,PXDC1,
648791,648791,27.651525,PPP1R3G,
101927972,101927972,27.651525,FARS2-AS1,
105374898,105374898,27.651525,LOC105374898,
51299,51299,26.859509,NRN1,
285780,285780,27.651474,LY86-AS1,
9450,9450,27.651411,LY86,
101928004,101928004,27.650675,LOC101928004,
105374906,105374906,27.651289,LOC105374906,
100526836,100526836,27.651289,BLOC1S5-TXNDC5,
81567,81567,26.335646,TXNDC5,
100124533,100124533,27.64896,SCARNA27,
105374913,,,,True
105374918,105374918,27.651525,LOC105374918,
105374920,105374920,27.651525,LOC105374920,
7020,7020,26.337494,TFAP2A,
109729173,109729173,27.651289,TFAP2A-AS2,
101928106,101928106,27.651289,LINC02522,
2651,2651,26.859509,GCNT2,
347744,347744,27.651289,C6orf52,
4117,4117,27.650675,MAK,
221711,221711,27.651525,SYCP2L,
105374925,105374925,27.650675,LOC105374925,
112267953,,,,True
105374927,105374927,27.651411,LOC105374927,
100113407,100113407,27.651411,TMEM170B,
1906,1906,26.858898,EDN1,
105374937,105374937,27.650675,LOC105374937,
9308,9308,26.859694,CD83,
105374943,105374943,27.651474,LOC105374943,
105374942,105374942,27.650675,LOC105374942,
101928331,101928331,27.651411,LOC101928331,
101928354,101928354,27.651411,LOC101928354,
102724463,102724463,27.651289,LOC102724463,
105374945,105374945,27.64896,LOC105374945,
105374947,105374947,27.651289,LOC105374947,
401236,401236,27.651411,STMND1,
221662,221662,27.650675,RBM24,
9972,9972,26.338097,NUP153,
105374952,105374952,27.651411,NUP153-AS1,
105374957,105374957,27.651411,LOC105374957,
101928519,101928519,27.651411,LOC101928519,
3400,3400,26.85718,ID4,
6659,6659,26.858898,SOX4,
401237,401237,27.651474,CASC15,
51473,51473,27.651474,DCDC2,
7915,7915,25.947956,ALDH5A1,
9856,9856,26.338097,KIAA0319,
9750,9750,27.651411,RIPOR2,
105374981,105374981,27.64896,LOC105374981,
102724765,102724765,27.651525,LOC102724765,
10590,10590,26.859749,SCGN,
108783645,108783645,27.650675,HFE-AS1,
8347,8347,26.859749,H2BC4,
3017,3017,26.859024,H2BC5,
8344,8344,26.85718,H2BC6,
8351,8351,26.859509,H3C4,
8343,8343,26.85718,H2BC7,
8339,8339,26.859694,H2BC8,
8353,8353,26.859694,H3C6,
8345,8345,26.859509,H2BC9,
8355,8355,26.859509,H3C8,
105374985,,,,True
8365,8365,26.858898,H4C8,
11118,11118,27.651525,BTN3A2,
10385,10385,27.650675,BTN2A2,
11119,11119,27.650675,BTN3A1,
54718,54718,8.664397,BTN2A3P,
10384,10384,27.64896,BTN3A3,
696,696,27.651411,BTN1A1,
100133205,100133205,27.64896,LINC00240,
8970,8970,26.85718,H2BC11,
8969,8969,26.859024,H2AC11,
8294,8294,26.859749,H4C9,
10279,10279,27.651474,PRSS16,
7754,7754,8.919615,ZNF204P,
100189071,100189071,27.650805,TRI-AAT2-1,
100131289,100131289,27.651289,LOC100131289,
8329,8329,26.859509,H2AC13,
8357,8357,26.859509,H3C10,
8331,8331,26.858898,H2AC14,
8330,8330,26.858898,H2AC15,
3009,3009,27.650675,H1-5,
222698,222698,27.650675,NKAPL,
105374997,,,,True
114821,114821,27.64896,SCAND3,
105375008,105375008,27.651474,LOC105375008,
10537,10537,26.859694,UBD,
7932,7932,26.85963,OR2H2,
2550,2550,26.85963,GABBR1,
346171,346171,27.651474,ZFP57,
3134,3134,26.859749,HLA-F,
54435,54435,27.651289,HCG4,
352962,352962,8.919615,HLA-V,
3136,3136,8.919573,HLA-H,
3105,3105,26.858898,HLA-A,
80352,80352,27.650675,RNF39,
11074,11074,27.64896,TRIM31,
3139,3139,8.91981,HLA-L,
107986587,107986587,27.651411,ABCF1-DT,
105379695,105379695,27.64896,IER3-AS1,
8870,8870,26.85718,IER3,
401247,401247,27.64896,LINC00243,
29113,29113,27.64896,C6orf15,
170679,170679,27.651411,PSORS1C1,
1041,1041,26.858898,CDSN,
170680,170680,27.651525,PSORS1C2,
6941,6941,26.85963,TCF19,
3107,3107,26.85963,HLA-C,
3106,3106,26.859509,HLA-B,
102465537,102465537,27.651474,MIR6891,
10866,10866,26.859694,HCP5,
352961,352961,27.651474,HCG26,
102725068,102725068,27.650675,MICB-DT,
4277,4277,26.85963,MICB,
692233,692233,27.651411,SNORD117,
534,534,26.85963,ATP6V1G2,
4795,4795,26.85963,NFKBIL1,
100287329,100287329,27.64896,LOC100287329,
4049,4049,26.859509,LTA,
4050,4050,26.858898,LTB,
259197,259197,26.858898,NCR3,
105375018,105375018,27.650675,ABHD16A-AS1,
80739,80739,27.64896,MPIG6B,
23564,23564,27.64896,DDAH2,
717,717,26.85718,C2,
102060414,102060414,27.64896,C2-AS1,
1590,1590,8.91902,CYP21A1P,
7146,7146,8.664358,TNXA,
1589,1589,26.337978,CYP21A2,
7148,7148,26.337978,TNXB,
80863,80863,26.859509,PRRT1,
80864,80864,27.651411,EGFL8,
63940,63940,27.650675,GPSM3,
4855,4855,26.337366,NOTCH4,
414764,414764,27.651289,HCG23,
3122,3122,26.859509,HLA-DRA,
3127,3127,26.858898,HLA-DRB5,
3128,3128,8.919573,HLA-DRB6,
3123,3123,26.859694,HLA-DRB1,
107986589,,,,True
3117,3117,26.859694,HLA-DQA1,
3119,3119,26.859694,HLA-DQB1,
106480429,106480429,27.651474,HLA-DQB1-AS1,
3118,3118,26.337366,HLA-DQA2,
3120,3120,26.858898,HLA-DQB2,
3112,3112,26.85963,HLA-DOB,
6891,6891,26.85963,TAP2,
5696,5696,26.85963,PSMB8,
100507463,100507463,27.651411,PSMB8-AS1,
6890,6890,26.85963,TAP1,
5698,5698,26.859024,PSMB9,
100294145,100294145,27.650805,LINC03219,
3109,3109,26.859509,HLA-DMB,
3108,3108,26.859694,HLA-DMA,
3111,3111,26.859749,HLA-DOA,
3113,3113,26.338165,HLA-DPA1,
3115,3115,26.859024,HLA-DPB1,
3116,3116,8.919615,HLA-DPB2,
105375021,105375021,27.64896,LINC03220,
414768,414768,27.651289,HCG24,
1302,1302,26.337494,COL11A2,
3833,3833,26.859509,KIFC1,
100847012,100847012,27.651289,MIR5004,
449520,449520,8.91902,GGNBP1,
100507584,100507584,27.64896,LINC01016,
2914,2914,26.85718,GRM4,
100529239,100529239,27.64896,RPS10-NUDT3,
6204,6204,26.337494,RPS10,
29993,29993,26.859024,PACSIN1,
54887,54887,27.651474,BLTP3A,
222663,222663,26.859749,SCUBE3,
101929285,101929285,27.651289,SCUBE3-AS1,
50619,50619,26.85963,DEF6,
4736,4736,26.85963,RPL10A,
7005,7005,26.85718,TEAD3,
2289,2289,26.338097,FKBP5,
285847,285847,27.64896,LOC285847,
221481,221481,27.651289,ARMC12,
340204,340204,27.64896,CLPSL1,
222662,222662,27.651411,LHFPL5,
51513,51513,27.64896,ETV7,
105375037,105375037,27.650675,ETV7-AS1,
101154753,101154753,27.651474,PANDAR,
57699,57699,27.651289,CPNE5,
221476,221476,26.859509,PI16,
221472,221472,27.651289,FGD2,
107986531,107986531,27.651289,LOC107986531,
23070,23070,27.650675,CMTR1,
100505530,100505530,27.650675,LINC02520,
105375044,105375044,27.651474,LOC105375044,
1769,1769,27.651474,DNAH8,
2740,2740,26.859749,GLP1R,
89822,89822,27.651525,KCNK17,
105375047,105375047,27.651474,LOC105375047,
23500,23500,27.64896,DAAM2,
4337,4337,26.338215,MOCS1,
57497,57497,27.651525,LRFN2,
101929555,101929555,27.651525,LOC101929555,
222642,222642,27.651289,TSPO2,
79865,79865,27.651525,TREML2,
285852,285852,27.651289,TREML4,
4188,4188,27.650675,MDFI,
5225,5225,27.650675,PGC,
105375060,,,,True
647024,647024,27.64896,C6orf132,
55809,55809,27.64896,TRERF1,
105375061,105375061,27.64896,LOC105375061,
107986596,107986596,27.650675,LOC107986596,
27232,27232,26.337366,GNMT,
112267958,112267958,27.64896,KLC4-AS1,
5754,5754,27.64896,PTK7,
84630,84630,26.85718,TTBK1,
65989,65989,27.650805,DLK2,
101929705,101929705,27.650805,SCIRT,
221416,221416,27.651525,LINC03040,
11131,11131,26.85963,CAPN11,
105375072,105375072,27.651411,LOC105375072,
101929726,101929726,26.85963,MYMX,
2030,2030,26.859749,SLC29A1,
3326,3326,26.337494,HSP90AB1,
100616124,100616124,27.651474,MIR4647,
441151,441151,27.64896,TMEM151B,
202500,202500,27.64896,DRC5,
101929770,101929770,27.64896,LOC101929770,
107986600,,,,True
860,860,26.338097,RUNX2,
22875,22875,26.859509,ENPP4,
51302,51302,26.859509,CYP39A1,
9481,9481,26.337366,SLC25A27,
7941,7941,26.85963,PLA2G7,
4224,4224,27.650805,MEP1A,
27242,27242,26.859024,TNFRSF21,
7180,7180,26.85963,CRISP2,
7021,7021,26.858898,TFAP2B,
85315,85315,27.650675,PAQR8,
107986603,,,,True
730101,730101,27.650675,LOC730101,
2938,2938,26.337978,GSTA1,
401265,401265,27.650675,KLHL31,
101927189,101927189,27.650675,LOC101927189,
100874282,100874282,27.650675,MLIP-IT1,
653,653,26.859024,BMP5,
81578,81578,26.338097,COL21A1,
667,667,26.338215,DST,
101927268,101927268,27.651289,LOC101927268,
202559,202559,27.64896,KHDRBS2,
101928307,101928307,27.64896,ADGRB3-DT,
577,577,26.859024,ADGRB3,
1310,1310,26.337494,COL19A1,
1297,1297,26.859749,COL9A1,
22999,22999,26.859694,RIMS1,
56479,56479,26.859694,KCNQ5,
107984120,,,,True
115004,115004,26.859694,CGAS,
80078,80078,27.651411,LCAL1,
100506851,100506851,27.651411,LOC100506851,
83699,83699,27.651411,SH3BGRL2,
7272,7272,26.338097,TTK,
55603,55603,27.650805,TENT5A,
102724168,102724168,27.650805,LINC02542,
9892,9892,27.651289,SNAP91,
51167,51167,26.859749,CYB5R4,
112609,112609,27.650805,MRAP2,
9096,9096,27.650675,TBX18,
1268,1268,26.337366,CNR1,
8732,8732,26.859749,RNGTT,
101929004,101929004,27.651474,LOC101929004,
2570,2570,26.859749,GABRR2,
101929057,101929057,27.651474,MDN1-AS1,
60468,60468,27.651474,BACH2,
2045,2045,26.859694,EPHA7,
101927288,101927288,27.651289,MANEA-DT,
79694,79694,27.651525,MANEA,
29078,29078,26.859509,NDUFAF4,
84553,84553,27.651289,FAXC,
101927365,101927365,27.650805,PNISR-AS1,
105377920,,,,True
105377921,105377921,27.64896,LOC105377921,
105377923,105377923,27.651289,LOC105377923,
639,639,26.85718,PRDM1,
100133941,100133941,26.85718,CD24,
51250,51250,27.651289,MTRES1,
55084,55084,27.650675,SOBP,
256380,256380,27.651525,SCML4,
2309,2309,26.859509,FOXO3,
221262,221262,8.9198475,CCDC162P,
285755,285755,26.85963,PPIL6,
6610,6610,26.859749,SMPD2,
8936,8936,26.85963,WASF1,
8528,8528,26.338097,DDO,
10758,10758,27.651411,TRAF3IP2,
105377945,105377945,27.651411,LOC105377945,
102724646,102724646,27.651474,LOC102724646,
8838,8838,27.651474,CCN6,
107986639,107986639,27.651474,LOC107986639,
1300,1300,26.859694,COL10A1,
441168,441168,27.651474,CALHM6,
100128327,100128327,27.64896,TRAPPC3L,
51389,51389,26.858898,RWDD1,
221303,221303,27.651289,FAM162B,
387119,387119,27.64896,CEP85L,
105377971,105377971,27.650805,LOC105377971,
2173,2173,26.859024,FABP7,
10345,10345,26.858898,TRDN,
7955,7955,27.64896,RNF217-AS1,
154214,154214,27.651474,RNF217,
7164,7164,27.64896,TPD52L1,
102723341,102723341,27.650675,LOC102723341,
105377986,105377986,27.650805,HEY2-AS1,
23493,23493,26.85718,HEY2,
387103,387103,27.64896,CENPW,
84870,84870,26.338165,RSPO3,
112267973,,,,True
387357,387357,27.651289,THEMIS,
102723409,102723409,27.651289,LOC102723409,
253582,253582,27.64896,TMEM244,
154075,154075,27.650805,SAMD3,
105378005,105378005,27.651289,LOC105378005,
643854,643854,27.650675,CTAGE9,
26002,26002,26.859024,MOXD1,
8875,8875,26.337494,VNN2,
594839,594839,27.651474,SNORA33,
2070,2070,26.859749,EYA4,
154091,154091,26.859509,SLC2A12,
100131814,100131814,27.650805,AHI1-DT,
101928373,101928373,27.650805,LOC101928373,
113115,113115,27.651474,MTFR2,
101928429,101928429,27.651474,MAP3K5-AS2,
53832,53832,26.859694,IL20RA,
116379,116379,26.859694,IL22RA2,
100130476,100130476,27.651474,WAKMAR2,
107986649,,,,True
7128,7128,26.338165,TNFAIP3,
105378020,105378020,27.651474,SIMALR,
64065,64065,26.859694,PERP,
57224,57224,27.651474,NHSL1,
345930,345930,27.651411,ECT2L,
107986650,107986650,27.651411,LOC107986650,
4829,4829,26.85963,NMBR,
3097,3097,27.651525,HIVEP2,
107986655,107986655,27.651411,HIVEP2-DT,
5325,5325,26.859509,PLAGL1,
10981,10981,26.337366,RAB32,
389432,389432,27.651289,SAMD5,
105378047,105378047,27.651525,UST-AS2,
340152,340152,27.651525,ZC3H12D,
353091,353091,26.859749,RAET1G,
646024,646024,8.9198475,RAET1K,
79465,79465,26.859749,ULBP3,
81706,81706,27.650675,PPP1R14C,
389434,389434,26.337494,IYD,
9590,9590,26.337494,AKAP12,
55005,55005,27.650675,RMND1,
79624,79624,27.650675,DCPH1,
80177,80177,27.64896,MYCT1,
7432,7432,26.337494,VIP,
26271,26271,26.85718,FBXO5,
4988,4988,26.85963,OPRM1,
26034,26034,27.64896,IPCEF1,
49861,49861,26.85963,CLDN20,
101409257,101409257,27.64896,EZR-AS1,
105378083,105378083,27.651289,TAGAP-AS1,
117289,117289,27.64896,TAGAP,
729603,729603,8.91902,CHP1P2,
102724087,102724087,27.64896,LOC102724087,
79992,79992,27.64896,AGPAT4-IT1,
5071,5071,26.337366,PRKN,
135138,135138,27.650675,PACRG,
100526820,100526820,27.651289,CAHM,
90632,90632,27.651411,LINC00473,
107986668,107986668,27.651411,LOC107986668,
1235,1235,26.85963,CCR6,
105378122,,,,True
107986672,107986672,27.651411,LOC107986672,
112267970,112267970,27.651411,LOC112267970,
2853,2853,26.85963,GPR31,
26238,26238,27.651411,LINC01558,
441179,441179,27.651525,LOC441179,
653483,653483,27.650805,AFDN-DT,
100505879,100505879,27.650805,KIF25-AS1,
79981,79981,27.651525,FRMD1,
105378137,105378137,27.651525,LOC105378137,
168002,168002,27.651289,DACT2,
107986549,107986549,27.651525,LOC107986549,
105378140,105378140,27.651289,LOC105378140,
105378141,105378141,27.651525,LOC105378141,
64094,64094,26.859749,SMOC2,
101929523,101929523,27.651525,THBS2-AS1,
105378147,105378147,27.650805,LINC02519,
28514,28514,26.859024,DLL1,
102723872,102723872,27.650805,LOC102723872,
101929756,101929756,27.64896,LOC101929756,
100507642,100507642,27.64896,LINC03014,
105375116,105375116,27.64896,LOC105375116,
56975,56975,26.858898,FAM20C,
5154,5154,26.859749,PDGFA,
441307,441307,27.650675,PDGFA-DT,
5575,5575,25.947956,PRKAR1B,
101926963,101926963,27.64896,PRKAR1B-AS1,
115330,115330,26.337978,GPR146,
2852,2852,26.85963,GPER1,
102723758,102723758,27.651474,LOC102723758,
107986760,107986760,27.650675,LOC107986760,
84433,84433,26.85963,CARD11,
107986761,,,,True
105375130,105375130,27.64896,LOC105375130,
105375132,105375132,27.650805,SDK1-AS1,
221935,221935,27.651525,SDK1,
222962,222962,26.337978,SLC29A4,
100129484,100129484,27.650675,LINC02983,
221946,221946,27.651411,LOC221946,
107986762,,,,True
100310846,100310846,27.64896,ANKRD61,
9265,9265,26.337494,CYTH3,
101927325,101927325,27.651525,LOC101927325,
56913,56913,26.337978,C1GALT1,
340267,340267,26.337366,COL28A1,
101927391,101927391,27.651411,MIOS-DT,
729852,729852,27.651474,UMAD1,
100505921,100505921,27.64896,GLCCI1-DT,
113263,113263,27.650805,GLCCI1,
30010,30010,26.859749,NXPH1,
10124,10124,27.651289,ARL4A,
105375161,105375161,27.650675,LOC105375161,
1607,1607,26.85963,DGKB,
101927524,101927524,27.651474,LINC02587,
105375167,105375167,27.64896,LOC105375167,
25928,25928,27.650805,SOSTDC1,
105375168,105375168,27.651525,LOC105375168,
27075,27075,27.651289,TSPAN13,
10551,10551,26.858898,AGR2,
155465,155465,26.85963,AGR3,
105375170,105375170,27.651474,LOC105375170,
9734,9734,26.85718,HDAC9,
7291,7291,26.337494,TWIST1,
105379720,105379720,27.651525,LOC105379720,
101927668,101927668,27.651289,MACC1-OT1,
346389,346389,26.858898,MACC1,
100506098,100506098,27.651411,GIRGL,
101927811,101927811,27.651474,ITGB8-AS1,
3696,3696,26.335646,ITGB8,
340273,340273,26.337494,ABCB5,
222901,222901,8.9198475,RPL23P8,
100506178,100506178,27.651289,STEAP1B-AS1,
401312,401312,27.650675,LOC401312,
100775104,100775104,27.651411,KLHL7-DT,
10643,10643,27.651474,IGF2BP3,
107986777,107986777,27.650805,LOC107986777,
26031,26031,26.85718,OSBPL3,
105375198,105375198,27.651525,LOC105375198,
9603,9603,27.651289,NFE2L3,
29887,29887,26.858898,SNX10,
105375304,105375304,27.651411,SNX10-AS1,
441204,441204,27.651474,LINC02981,
100506311,100506311,27.650805,HOTAIRM1,
3199,3199,27.64896,HOXA2,
3200,3200,27.651525,HOXA3,
285943,285943,27.651289,HOXA-AS2,
3201,3201,27.650675,HOXA4,
100133311,100133311,27.650805,HOXA-AS3,
3202,3202,27.64896,HOXA5,
3204,3204,27.651411,HOXA7,
100534589,100534589,27.651474,HOXA10-HOXA9,
3205,3205,26.859749,HOXA9,
100874323,100874323,27.651289,HOXA10-AS,
3206,3206,26.858898,HOXA10,
221883,221883,27.64896,HOXA11-AS,
3209,3209,27.64896,HOXA13,
100128081,100128081,27.64896,JAZF1-AS1,
9586,9586,27.64896,CREB5,
105375213,,,,True
644150,644150,26.85718,WIPF3,
9805,9805,27.64896,SCRN1,
105375215,105375215,27.64896,FKBP14-AS1,
84725,84725,26.338215,PLEKHA8,
222166,222166,27.651411,MTURN,
105375218,105375218,27.651411,LOC105375218,
223082,223082,26.85963,ZNRF2,
105375219,105375219,27.651411,LOC105375219,
100526825,100526825,27.651411,INMT-MINDY4,
11185,11185,26.858898,INMT,
84182,84182,27.651525,MINDY4,
358,358,26.859749,AQP1,
105375222,105375222,27.651525,LOC105375222,
105375221,105375221,27.650805,LOC105375221,
117,117,26.858898,ADCYAP1R1,
107986780,,,,True
223075,223075,26.859509,ITPRID1,
5137,5137,26.858898,PDE1C,
23080,23080,27.650805,AVL9,
401321,401321,27.651411,LINC00997,
441212,441212,8.91981,RP9P,
51251,51251,26.338097,NT5C3A,
102724723,102724723,27.651411,LOC102724723,
100506725,100506725,27.650675,LINC03013,
80820,80820,27.650675,EEPD1,
54443,54443,26.859509,ANLN,
313,313,27.651289,AOAH,
100874264,100874264,27.651289,AOAH-IT1,
9844,9844,26.859509,ELMO1,
105375235,105375235,27.650675,LOC105375235,
100861514,100861514,27.650675,ELMO1-AS1,
353345,353345,26.858898,GPR141,
51314,51314,27.651289,NME8,
6424,6424,27.651289,SFRP4,
54749,54749,27.651411,EPDR1,
445347,445347,27.651411,TARP,
6967,6967,27.651474,TRGC2,
6969,6969,27.64896,TRGJ2,
6966,6966,27.64896,TRGC1,
6984,6984,27.651474,TRGV10,
6983,6983,27.651474,TRGV9,
6982,6982,27.651289,TRGV8,
6981,6981,8.919771,TRGV7,
6980,6980,8.919771,TRGV6,
100506776,100506776,27.650675,TRG-AS1,
6979,6979,8.919573,TRGV5P,
6978,6978,27.650805,TRGV5,
6977,6977,27.651474,TRGV4,
6976,6976,27.650675,TRGV3,
6974,6974,27.651411,TRGV2,
6973,6973,27.651411,TRGV1,
27072,27072,26.85963,VPS41,
11281,11281,26.85963,POU6F2,
100689074,100689074,27.651411,POU6F2-AS2,
105375239,105375239,27.651525,SNHG34,
107986785,107986785,27.650805,LOC107986785,
101928716,101928716,27.651525,SUGCT-AS1,
3624,3624,26.859749,INHBA,
105375249,105375249,27.650675,LOC105375249,
107986735,107986735,27.64896,LOC107986735,
23072,23072,27.651289,HECW1,
100506895,100506895,27.651289,LUARIS,
9263,9263,26.859749,STK17A,
55744,55744,26.858898,COA1,
58498,58498,26.858898,MYL7,
2645,2645,26.85718,GCK,
29881,29881,26.859749,NPC1L1,
100616393,100616393,27.651474,MIR4657,
64005,64005,26.859694,MYO1G,
23148,23148,27.651474,NACAD,
677795,677795,27.651474,SNORA5B,
101929008,101929008,8.91902,GTF2IP13,
3484,3484,26.85718,IGFBP1,
102723446,102723446,27.651474,LINC03209,
105375264,105375264,27.651474,LOC105375264,
64759,64759,26.858898,TNS3,
375567,375567,27.651289,VWC2,
10320,10320,26.337978,IKZF1,
63979,63979,26.85718,FIGNL1,
1644,1644,26.858898,DDC,
2887,2887,26.85718,GRB10,
23242,23242,27.651474,COBL,
401337,401337,27.650805,LINC01446,
222008,222008,27.650805,VSTM2A,
285878,285878,27.651289,VSTM2A-OT1,
1956,1956,26.337978,EGFR,
81552,81552,26.859509,VOPP1,
105375287,105375287,27.650675,VOPP1-DT,
360132,360132,8.919573,FKBP9P1,
5260,5260,26.859749,PHKG1,
100653233,100653233,27.651525,MIR3147HG,
441234,441234,26.859749,ZNF716,
442319,442319,26.85718,ZNF727,
649395,649395,8.91902,YWHAEP1,
100128885,100128885,27.64896,LOC100128885,
51427,51427,27.650805,ZNF107,
105375334,105375334,27.650805,LOC105375334,
101929322,101929322,8.919615,LOC101929322,
105375333,,,,True
677807,677807,27.650675,SNORA22,
112268006,,,,True
26053,26053,27.651474,AUTS2,
105375347,105375347,27.651474,LOC105375347,
64409,64409,26.859694,GALNT17,
83698,83698,27.651474,CALN1,
654816,654816,8.91983,NCF1B,
135892,135892,27.651474,TRIM50,
51085,51085,26.338165,MLXIPL,
155382,155382,26.85718,VPS37D,
6804,6804,26.85718,STX1A,
155368,155368,26.859024,METTL27,
135886,135886,27.650805,TMEM270,
693175,693175,27.650805,MIR590,
7462,7462,26.337494,LAT2,
653361,653361,26.337494,NCF1,
84163,84163,27.650805,GTF2IRD2,
105375352,105375352,27.650805,LOC105375352,
729438,729438,26.859024,CASTOR2,
654817,654817,8.919771,NCF1C,
375593,375593,27.651289,TRIM73,
6369,6369,27.651411,CCL24,
222183,222183,26.859749,SRRM3,
22932,22932,26.858898,POMZP3,
102723791,102723791,27.651289,LOC102723791,
107986714,,,,True
57157,57157,27.651411,PHTF2,
105375368,105375368,27.651525,DDX3ILA1,
100505881,100505881,27.650805,MAGI2-AS3,
2770,2770,26.337366,GNAI1,
948,948,26.858898,CD36,
10371,10371,26.858898,SEMA3A,
2913,2913,26.859749,GRM3,
10926,10926,26.85718,DBF4,
79689,79689,26.85718,STEAP4,
79846,79846,27.64896,CFAP69,
107986818,107986818,27.651525,FAM237B,
107986715,107986715,27.651411,LOC107986715,
112267985,,,,True
101409256,101409256,8.919771,LOC101409256,
8321,8321,26.858898,FZD1,
101927473,101927473,27.650675,LOC101927473,
10142,10142,26.858898,AKAP9,
54467,54467,27.64896,ANKIB1,
1021,1021,26.85718,CDK6,
54809,54809,27.651525,SAMD9,
219285,219285,27.64896,SAMD9L,
253012,253012,27.651411,HEPACAM2,
2791,2791,26.85963,GNG11,
8910,8910,27.651525,SGCE,
5446,5446,26.859749,PON3,
107986822,107986822,27.651289,LOC107986822,
51666,51666,27.64896,ASB4,
5166,5166,26.859509,PDK4,
107986824,107986824,27.651289,PDK4-AS1,
1780,1780,26.335646,DYNC1I1,
1750,1750,26.335646,DLX6,
6863,6863,26.859694,TAC1,
168620,168620,26.859694,BHLHA15,
25798,25798,27.651289,BRI3,
55971,55971,26.85718,BAIAP2L1,
222865,222865,27.651525,TMEM130,
101927610,101927610,27.651525,LOC101927610,
349149,349149,27.651289,GJC3,
563,563,27.651411,AZGP1,
646282,646282,8.91981,AZGP1P1,
406900,406900,26.858898,MIR106B,
79037,79037,27.651525,PVRIG,
107986828,,,,True
105375427,,,,True
29990,29990,26.338165,PILRB,
222950,222950,27.651525,NYAP1,
5118,5118,26.338215,PCOLCE,
7036,7036,26.335646,TFR2,
2050,2050,26.85963,EPHB4,
7205,7205,27.651411,TRIP6,
102466755,102466755,27.651411,MIR6875,
4584,4584,26.85963,MUC3A,
100616117,100616117,27.650675,MIR4653,
101927721,101927721,27.651474,LNCPRESS1,
101927746,101927746,27.650675,EMSLR,
105375433,105375433,27.650675,LOC105375433,
10234,10234,27.64896,LRRC17,
349152,349152,8.91902,DPY19L2P2,
101927870,101927870,27.651474,SLC26A5-AS1,
222256,222256,27.64896,CDHR3,
5294,5294,26.85718,PIK3CG,
105375443,,,,True
1811,1811,26.85718,SLC26A3,
22798,22798,26.338097,LAMB4,
4897,4897,26.859694,NRCAM,
105375451,105375451,27.651411,LOC105375451,
105375450,105375450,27.651289,LOC105375450,
83943,83943,26.858898,IMMP2L,
54674,54674,27.651474,LRRN3,
3475,3475,26.859509,IFRD1,
93986,93986,26.338215,FOXP2,
29969,29969,27.650675,MDFIC,
22797,22797,26.85963,TFEC,
858,858,26.337494,CAV2,
857,857,26.859694,CAV1,
4233,4233,26.338215,MET,
93653,93653,27.650805,ST7-AS1,
51691,51691,26.859694,LSM8,
105375471,105375471,27.650805,LOC105375471,
105375472,105375472,27.651525,LOC105375472,
107986747,107986747,27.651289,LOC107986747,
105375473,105375473,27.651289,LOC105375473,
3751,3751,26.859509,KCND2,
23554,23554,27.650675,TSPAN12,
79974,79974,27.650675,CPED1,
51384,51384,26.337494,WNT16,
5803,5803,26.337494,PTPRZ1,
10157,10157,26.335646,AASS,
381,381,26.85718,ARF5,
105375489,105375489,27.651474,LOC105375489,
64101,64101,27.651474,LRRC4,
3952,3952,26.859694,LEP,
401399,401399,27.651474,PRRT4,
107986845,107986845,27.650805,LOC107986845,
101928451,,,,True
346653,346653,27.650675,GARIN1A,
3663,3663,26.858898,IRF5,
286016,286016,8.9198475,TPI1P2,
6608,6608,26.337366,SMO,
57464,57464,26.858898,STRIP2,
51200,51200,27.651525,CPA4,
1357,1357,26.859509,CPA1,
4232,4232,26.859024,MEST,
53844,53844,27.650805,COPG2IT1,
136259,136259,27.651289,KLF14,
105375508,105375508,27.651289,LOC105375508,
5420,5420,27.651411,PODXL,
91584,91584,26.338097,PLXNA4,
105375511,105375511,27.651289,LOC105375511,
100500804,100500804,27.651289,MIR3654,
105375514,105375514,27.651411,LOC105375514,
105375519,105375519,27.651474,LINC03060,
441282,441282,26.337978,AKR1B15,
107986850,,,,True
105375521,105375521,27.651525,LOC105375521,
389558,389558,27.650675,FAM180A,
105375523,105375523,27.650675,LOC105375523,
5764,5764,26.85963,PTN,
9162,9162,26.85718,DGKI,
6718,6718,26.859749,AKR1D1,
154790,154790,27.651525,CLEC2L,
107986853,107986853,27.651525,LOC107986853,
64761,64761,26.858898,PARP12,
80853,80853,26.859749,KDM7A,
27147,27147,27.64896,DENND2A,
285962,285962,27.651411,WEE2-AS1,
8972,8972,26.337978,MGAM,
28621,28621,8.919573,TRBV1,
28620,28620,27.64896,TRBV2,
105375539,105375539,27.651474,LOC105375539,
28619,28619,27.651411,TRBV3-1,
28617,28617,27.651411,TRBV4-1,
28614,28614,27.651474,TRBV5-1,
28606,28606,27.650675,TRBV6-1,
28616,28616,27.650675,TRBV4-2,
28604,28604,27.64896,TRBV6-3,
28596,28596,27.64896,TRBV7-2,
28603,28603,27.650805,TRBV6-4,
28595,28595,27.650805,TRBV7-3,
28586,28586,27.650805,TRBV9,
28585,28585,27.651525,TRBV10-1,
28582,28582,27.650805,TRBV11-1,
28584,28584,27.651525,TRBV10-2,
28581,28581,27.650675,TRBV11-2,
28602,28602,27.650675,TRBV6-5,
28594,28594,27.64896,TRBV7-4,
107986855,107986855,27.64896,LOC107986855,
28611,28611,27.651289,TRBV5-4,
105379749,105379749,27.650675,LOC105379749,
28601,28601,27.650675,TRBV6-6,
28593,28593,8.91981,TRBV7-5,
28610,28610,27.651411,TRBV5-5,
28592,28592,27.64896,TRBV7-6,
28609,28609,27.651289,TRBV5-6,
28599,28599,27.651289,TRBV6-8,
28591,28591,27.651411,TRBV7-7,
28589,28589,27.651411,TRBV7-9,
28574,28574,27.651474,TRBV13,
28583,28583,27.651289,TRBV10-3,
28580,28580,27.651289,TRBV11-3,
28577,28577,27.64896,TRBV12-3,
28576,28576,27.651411,TRBV12-4,
28575,28575,27.651411,TRBV12-5,
28573,28573,27.651411,TRBV14,
28572,28572,27.64896,TRBV15,
28569,28569,27.651474,TRBV18,
28568,28568,27.651474,TRBV19,
28567,28567,27.650675,TRBV20-1,
28566,28566,8.919573,TRBV21-1,
28564,28564,27.650675,TRBV23-1,
28563,28563,27.651289,TRBV24-1,
28562,28562,27.651289,TRBV25-1,
28560,28560,27.64896,TRBV27,
28559,28559,27.64896,TRBV28,
5644,5644,26.85963,PRSS1,
28558,28558,27.651411,TRBV29-1,
28637,28637,27.651411,TRBD1,
28635,28635,27.651289,TRBJ1-1,
28634,28634,27.651474,TRBJ1-2,
28633,28633,27.651289,TRBJ1-3,
28632,28632,27.651474,TRBJ1-4,
28631,28631,27.64896,TRBJ1-5,
28630,28630,27.64896,TRBJ1-6,
28639,28639,26.859694,TRBC1,
28629,28629,27.651289,TRBJ2-1,
28628,28628,27.651525,TRBJ2-2,
28627,28627,27.651289,TRBJ2-2P,
28626,28626,27.651525,TRBJ2-3,
28625,28625,27.651289,TRBJ2-4,
28624,28624,27.651525,TRBJ2-5,
28623,28623,27.650675,TRBJ2-6,
28622,28622,27.650805,TRBJ2-7,
28638,28638,26.859024,TRBC2,
28557,28557,27.651474,TRBV30,
105375541,105375541,27.651289,LOC105375541,
55503,55503,26.859509,TRPV6,
3792,3792,27.651289,KEL,
5304,5304,27.650675,PIP,
105375545,105375545,27.650675,TMEM139-AS1,
135932,135932,27.651474,TMEM139,
1180,1180,26.85963,CLCN1,
285965,285965,27.651411,EPHA1-AS1,
101928466,101928466,27.651411,LOC101928466,
112267988,112267988,27.651411,LOC112267988,
401428,401428,8.91981,OR2A20P,
441295,441295,8.919573,OR2A9P,
26047,26047,27.650675,CNTNAP2,
105375554,105375554,27.64896,LOC105375554,
2146,2146,26.859749,EZH2,
155054,155054,26.859749,ZNF425,
100189029,100189029,27.651525,TRC-GCA22-1,
155066,155066,26.859749,ATP6V0E2,
107986858,107986858,27.651474,LOC107986858,
285972,285972,27.651474,LINC00996,
168537,168537,27.64896,GIMAP7,
107986860,107986860,27.64896,LOC107986860,
55303,55303,27.650805,GIMAP4,
474344,474344,27.650675,GIMAP6,
26157,26157,27.650675,GIMAP2,
100527949,100527949,27.650675,GIMAP1-GIMAP5,
55340,55340,27.650675,GIMAP5,
105375566,105375566,27.651474,LOC105375566,
105375567,105375567,27.651474,LOC105375567,
26,26,26.337494,AOC1,
116988,116988,27.650805,AGAP3,
768213,768213,27.651474,MIR671,
6604,6604,26.338097,SMARCD3,
51667,51667,27.64896,NUB1,
349136,349136,27.64896,WDR86,
100131176,100131176,27.651525,WDR86-AS1,
155051,155051,27.650805,CRYGN,
644090,644090,27.650805,PRKAG2-AS2,
100505483,100505483,27.650805,PRKAG2-AS1,
7516,7516,26.338215,XRCC2,
1804,1804,27.651289,DPP6,
105375586,,,,True
105375587,105375587,27.651289,LOC105375587,
285889,285889,27.651289,LOC285889,
105375615,105375615,27.651525,LOC105375615,
105375614,105375614,27.651525,LOC105375614,
54892,54892,26.85718,NCAPG2,
157695,157695,27.651411,TDRP,
9228,9228,27.651411,DLGAP2,
105377778,105377778,27.651411,LOC105377778,
101927752,101927752,27.651474,CLN8-AS1,
9639,9639,26.859694,ARHGEF10,
101928058,101928058,27.651474,KBTBD11-AS1,
9172,9172,26.85963,MYOM2,
105377786,,,,True
64478,64478,27.650675,CSMD1,
1672,1672,26.338165,DEFB1,
349196,349196,27.651474,LINC00965,
107986910,107986910,27.650805,LOC107986910,
105379215,,,,True
112268014,,,,True
286042,286042,8.919573,FAM86B3P,
107986913,107986913,27.64896,LOC107986913,
137075,137075,26.859509,CLDN23,
79660,79660,27.651525,PPP1R3B,
4482,4482,26.859749,MSRA,
83595,83595,26.859509,SOX7,
101929248,101929248,27.651474,LOC101929248,
101929290,101929290,27.651474,MTMR9-AS1,
640,640,26.85718,BLK,
105379241,105379241,27.650675,BLK-AS1,
105379243,105379243,27.650675,LOC105379243,
729689,729689,8.919573,FAM90A2P,
85002,85002,8.919615,FAM86B1,
619423,619423,27.651525,FAM85A,
649352,649352,27.64896,LOC649352,
389633,389633,8.9198475,FAM90A25P,
653333,653333,27.64896,FAM86B2,
100506990,100506990,27.64896,FAM86B2-DT,
729732,729732,27.64896,LOC729732,
91694,91694,26.85718,LONRF1,
57604,57604,27.650675,TRMT9B,
157773,157773,27.650805,C8orf48,
4481,4481,25.947956,MSR1,
5157,5157,27.64896,PDGFRL,
57509,57509,27.64896,MTUS1,
101930275,101930275,27.64896,MTUS1-DT,
427,427,26.85718,ASAH1,
9,9,26.85718,NAT1,
23362,23362,27.64896,PSD3,
102724881,,,,True
105379308,,,,True
4023,4023,26.85718,LPL,
6570,6570,26.338165,SLC18A1,
526,526,26.859509,ATP6V1B2,
11178,11178,26.859509,LZTS1,
10361,10361,26.859694,NPM2,
8822,8822,26.859749,FGF17,
2039,2039,26.859024,DMTN,
55806,55806,26.337366,HR,
9796,9796,27.651289,PHYHIP,
10174,10174,27.651525,SORBS3,
541565,541565,27.650805,C8orf58,
107986926,107986926,27.651474,LOC107986926,
157310,157310,27.651411,PEBP4,
107986925,107986925,27.650805,LOC107986925,
107986929,,,,True
8797,8797,26.859509,TNFRSF10A,
105379326,,,,True
203069,203069,27.651289,R3HCC1,
51312,51312,27.650675,SLC25A37,
4824,4824,27.651289,NKX3-1,
6781,6781,27.651525,STC1,
10863,10863,27.650675,ADAM28,
101929294,101929294,27.650675,ADAM7-AS1,
27299,27299,27.650675,ADAMDEC1,
2796,2796,26.859694,GNRH1,
157313,157313,27.651474,CDCA2,
10687,10687,27.650675,PNMA2,
1808,1808,26.859749,DPYSL2,
148,148,26.859509,ADRA1A,
81551,81551,27.651411,STMN4,
2185,2185,26.858898,PTK2B,
2053,2053,26.859749,EPHX2,
1191,1191,26.859694,CLU,
51435,51435,27.650675,SCARA3,
157570,157570,27.650675,ESCO2,
55872,55872,26.859509,PBK,
286133,286133,26.85963,SCARA5,
389643,389643,26.85963,NUGGC,
5368,5368,26.859509,PNOC,
55893,55893,27.651474,ZNF395,
105379350,105379350,27.651474,LOC105379350,
107986935,107986935,27.651474,LOC107986935,
101929450,101929450,27.650675,LINC02099,
23484,23484,26.859694,LEPROTL1,
619373,619373,26.85963,MBOAT4,
100128750,100128750,27.651411,RBPMS-AS1,
11030,11030,27.651411,RBPMS,
112268025,112268025,27.651411,LOC112268025,
2936,2936,26.85963,GSR,
29942,29942,27.651411,PURG,
3084,3084,26.858898,NRG1,
105379362,105379362,27.651411,LOC105379362,
105379364,105379364,27.651411,LOC105379364,
105379377,105379377,27.650675,LOC105379377,
100507403,100507403,27.64896,LNCMB2,
100507420,100507420,27.64896,LINC01605,
102723701,102723701,27.651525,LOC102723701,
11160,11160,26.859749,ERLIN2,
11212,11212,26.859509,PLPBP,
105379381,105379381,27.651289,LOC105379381,
25960,25960,27.64896,ADGRA2,
80223,80223,26.338215,RAB11FIP1,
9070,9070,26.337978,ASH2L,
6770,6770,26.859694,STAR,
27257,27257,26.859024,LSM1,
9530,9530,26.859749,BAG4,
23259,23259,26.859749,DDHD2,
54904,54904,26.85963,NSD3,
2260,2260,26.338097,FGFR1,
389649,389649,27.651411,LINC03042,
105379383,,,,True
59339,59339,26.859749,PLEKHA2,
203100,203100,27.651525,HTRA4,
3620,3620,26.859749,IDO1,
169355,169355,26.859749,IDO2,
79698,79698,27.650805,ZMAT4,
6422,6422,26.85963,SFRP1,
84296,84296,27.651411,GINS4,
7994,7994,26.859509,KAT6A,
105379393,105379393,27.650805,KAT6A-AS1,
10947,10947,26.337366,AP3M2,
5327,5327,26.859509,PLAT,
27121,27121,26.859509,DKK4,
8973,8973,26.337494,CHRNA6,
84197,84197,26.335646,POMK,
105375816,105375816,27.650675,LOC105375816,
1052,1052,26.335646,CEBPD,
5591,5591,26.335646,PRKDC,
4173,4173,26.85718,MCM4,
112268027,112268027,27.650805,LOC112268027,
101929217,101929217,27.650675,LINC03054,
79645,79645,27.651411,CLXN,
6591,6591,26.85963,SNAI2,
105375826,105375826,27.651411,LOC105375826,
9705,9705,27.651411,ST18,
105375839,,,,True
10434,10434,26.858898,LYPLA1,
64321,64321,26.858898,SOX17,
114786,114786,27.650675,XKR4,
5324,5324,26.85718,PLAG1,
195814,195814,26.338165,SDR16C5,
5179,5179,26.85718,PENK,
101929415,101929415,27.64896,PENK-AS1,
101929398,101929398,27.651525,LOC101929398,
9760,9760,27.651525,TOX,
100505501,100505501,27.650805,TOX-DT,
105375864,105375864,27.651474,LOC105375864,
100505532,100505532,27.651289,LINC01301,
55636,55636,26.337978,CHD7,
105375938,105375938,27.650805,LOC105375938,
157807,157807,26.85963,CLVS1,
100130298,100130298,27.651411,LOC100130298,
8836,8836,26.85963,GGH,
253943,253943,26.859509,YTHDF3,
55156,55156,27.650675,ARMC1,
9650,9650,27.651474,MTFR1,
5150,5150,26.859749,PDE7A,
107986949,107986949,27.650675,LOC107986949,
107986948,,,,True
107986950,107986950,27.650805,LOC107986950,
105375883,105375883,27.650675,LOC105375883,
85479,85479,27.64896,DNAJC5B,
4603,4603,26.85718,MYBL1,
105375884,105375884,27.651474,LOC105375884,
80124,80124,26.859509,VCPIP1,
100129654,100129654,27.651474,TCF24,
10565,10565,27.651289,ARFGEF1,
116328,116328,27.651289,C8orf34,
107986951,107986951,27.651474,LOC107986951,
23213,23213,27.650805,SULF1,
101929759,,,,True
10499,10499,26.858898,NCOA2,
286190,286190,27.650805,LACTB2-AS1,
389668,389668,27.650805,XKR9,
2138,2138,26.859024,EYA1,
8989,8989,26.337494,TRPA1,
105375896,,,,True
9312,9312,27.64896,KCNB2,
157869,157869,26.859749,SBSPON,
100130301,100130301,27.651525,C8orf89,
101926926,101926926,27.651474,RDH10-AS1,
27067,27067,27.651474,STAU2,
55284,55284,26.859749,UBE2W,
6921,6921,26.859749,ELOC,
51050,51050,26.859694,PI15,
101805492,101805492,27.651289,CASC9,
102724858,102724858,27.651289,LOC102724858,
79776,79776,27.651289,ZFHX4,
5828,5828,26.859694,PEX2,
102724874,102724874,27.651474,LOC102724874,
105375914,105375914,27.64896,MITA1,
112935892,112935892,27.64896,LINC02605,
105375912,105375912,27.64896,LOC105375912,
105375913,,,,True
23462,23462,26.859024,HEY1,
101927067,101927067,27.650805,LINC01607,
7163,7163,27.651411,TPD52,
105375918,105375918,27.651411,LOC105375918,
55824,55824,26.85963,PAG1,
105375924,105375924,27.651289,LOC105375924,
2167,2167,26.858898,FABP4,
3612,3612,26.859749,IMPA1,
92421,92421,26.338215,CHMP4C,
64089,64089,27.650805,SNX16,
105375928,,,,True
105375933,105375933,27.650675,LOC105375933,
85444,85444,27.64896,LRRCC1,
1875,1875,26.337978,E2F5,
377677,377677,26.859694,CA13,
761,761,26.858898,CA3,
100996348,100996348,27.651289,CA3-AS1,
157724,157724,26.858898,SLC7A13,
105375624,105375624,27.651474,WWP1-AS1,
11059,11059,26.85718,WWP1,
51115,51115,27.651411,RMDN1,
8895,8895,27.651411,CPNE3,
138009,138009,27.650675,DCAF4L2,
4325,4325,26.338215,MMP16,
105375631,105375631,27.651474,LOC105375631,
8767,8767,26.859749,RIPK2,
734,734,27.650675,OSGIN2,
4683,4683,26.858898,NBN,
793,793,26.858898,CALB1,
64168,64168,27.64896,NECAB1,
105375634,105375634,27.64896,LOC105375634,
100127983,100127983,27.64896,C8orf88,
100506365,100506365,27.651289,OTUD6B-AS1,
51633,51633,26.859509,OTUD6B,
100130742,100130742,27.651474,LRRC69,
862,862,27.651411,RUNX1T1,
101926956,101926956,27.64896,LOC101926956,
286144,286144,27.64896,TRIQK,
137392,137392,27.650675,CIBAR1,
389677,389677,27.651411,RBM12B,
55472,55472,27.651525,RBM12B-AS1,
25788,25788,27.651411,RAD54B,
100861412,100861412,27.651289,FSBP,
54845,54845,27.651289,ESRP1,
286148,286148,27.651474,DPY19L4,
55656,55656,27.650675,INTS8,
9134,9134,26.859509,CCNE2,
137682,137682,26.859509,NDUFAF6,
94241,94241,26.337494,TP53INP1,
105375650,105375650,27.650805,MIR3150BHG,
79666,79666,26.859024,PLEKHF2,
157657,157657,27.64896,CFAP418,
392255,392255,27.651525,GDF6,
9791,9791,26.858898,PTDSS1,
6383,6383,26.85718,SDC2,
10404,10404,27.64896,CPQ,
92140,92140,27.650675,MTDH,
4147,4147,26.337366,MATN2,
203111,203111,27.651474,ERICH5,
107986870,,,,True
107986871,,,,True
157680,157680,27.650675,VPS13B,
1345,1345,26.335646,COX6C,
286151,286151,26.85718,FBXO43,
5440,5440,26.85718,POLR2K,
6674,6674,27.651411,SPAG1,
105375669,105375669,27.651411,LOC105375669,
105375668,,,,True
25897,25897,26.859509,RNF19A,
105375670,105375670,27.651411,LOC105375670,
102466854,102466854,27.651474,MIR7705,
7534,7534,26.859694,YWHAZ,
105375674,105375674,27.651525,LINC03044,
83955,83955,8.9198475,NACA4P,
83988,83988,26.85963,NCALD,
50484,50484,26.337366,RRM2B,
101927221,101927221,27.650675,UBR5-DT,
51366,51366,26.858898,UBR5,
105375683,105375683,27.651289,LOC105375683,
101927245,101927245,27.650675,LOC101927245,
401472,401472,27.650675,GASAL1,
51582,51582,26.85718,AZIN1,
528,528,26.337978,ATP6V1C1,
379034,379034,27.651289,LINC01181,
8323,8323,26.85718,FZD6,
81034,81034,27.651411,SLC25A32,
25879,25879,27.651474,DCAF13,
81501,81501,26.859694,DCSTAMP,
102723356,102723356,27.651474,ZFPM2-AS1,
55074,55074,27.651474,OXR1,
284,284,26.859509,ANGPT1,
84955,84955,27.651289,NUDCD1,
114788,114788,27.651411,CSMD3,
105375710,105375710,27.651411,LOC105375710,
7227,7227,27.651411,TRPS1,
105375713,105375713,27.64896,LOC105375713,
84294,84294,26.85718,UTP23,
5885,5885,26.859509,RAD21,
644660,644660,27.64896,RAD21-AS1,
441376,441376,27.64896,AARD,
105375715,105375715,27.651474,LOC105375715,
105375719,105375719,27.651474,LOC105375719,
401474,401474,27.651411,SAMD12,
105375724,105375724,27.64896,LOC105375724,
552860,552860,27.651474,SAMD12-AS1,
114569,114569,26.859509,MAL2,
105375726,105375726,27.64896,MAL2-AS1,
4856,4856,26.337978,CCN3,
6873,6873,26.859509,TAF2,
105375728,105375728,27.651289,LOC105375728,
79075,79075,26.337494,DSCC1,
64798,64798,27.650675,DEPTOR,
105375730,105375730,27.650805,LOC105375730,
7373,7373,26.337366,COL14A1,
27085,27085,27.650675,MTBP,
101927543,101927543,27.650675,SNTB1-AS2,
79139,79139,26.858898,DERL1,
93594,93594,27.650675,TBC1D31,
84985,84985,27.650675,SACK1A,
100131726,100131726,27.650675,SACK1A-AS1,
100533106,100533106,27.64896,ZHX1-C8orf76,
11244,11244,27.651289,ZHX1,
29028,29028,26.859509,ATAD2,
114907,114907,26.859694,FBXO32,
340359,340359,27.650805,KLHL38,
312,312,27.650805,ANXA13,
157769,157769,26.859024,FAM91A1,
157378,157378,27.650805,TMEM65,
101927612,101927612,27.650675,RNF139-DT,
9788,9788,26.85963,MTSS1,
105375740,105375740,27.651411,LOC105375740,
105375741,105375741,27.650805,LOC105375741,
137209,137209,27.651411,ZNF572,
6713,6713,26.85718,SQLE,
9897,9897,27.650805,WASHC5,
286053,286053,27.651411,NSMCE2,
107986974,,,,True
100130231,100130231,27.64896,LINC00861,
157638,157638,26.859694,LRATD2,
105375751,105375751,27.651411,LOC105375751,
100750225,100750225,27.651411,PCAT1,
727677,727677,27.651411,CASC8,
4609,4609,26.85963,MYC,
5820,5820,27.651411,PVT1,
51571,51571,27.651411,CYRIB,
50807,50807,26.859509,ASAP1,
114,114,26.859509,ADCY8,
23167,23167,27.64896,EFR3A,
7038,7038,27.651525,TG,
6503,6503,26.859694,SLA,
102466865,102466865,27.651525,MIR7848,
100302522,100302522,27.651525,PTCSC1,
105375769,105375769,27.651289,LOC105375769,
8840,8840,27.651289,CCN4,
102723635,102723635,27.651289,LOC102723635,
6482,6482,26.859694,ST3GAL1,
594840,594840,27.651525,ZFAT-AS1,
10656,10656,27.651525,KHDRBS3,
107986980,107986980,27.651474,LINC02055,
169044,169044,26.338165,COL22A1,
105375781,105375781,27.651525,LOC105375781,
105375779,105375779,27.651525,LOC105375779,
27161,27161,26.85718,AGO2,
5747,5747,26.85718,PTK2,
101927963,101927963,27.64896,DENND3-AS1,
22898,22898,27.64896,DENND3,
105375787,105375787,27.651474,SLC45A4-AS1,
389690,389690,8.91902,MROH5,
107983985,107983985,27.64896,LOC107983985,
107986983,,,,True
575,575,27.651525,ADGRB1,
8000,8000,27.651525,PSCA,
54742,54742,27.64896,LY6K,
111188157,111188157,27.650805,LYNX1-SLURP2,
66004,66004,27.651289,LYNX1,
8581,8581,27.651289,LY6D,
338328,338328,27.651474,GPIHBP1,
78998,78998,27.651474,RHPN1-AS1,
107986984,,,,True
100310756,100310756,27.650805,LOC100310756,
642475,642475,27.650805,MROH6,
9831,9831,27.650675,ZNF623,
100128338,,,,True
105375800,105375800,8.919771,LOC105375800,
375686,375686,27.650675,SPATC1,
392275,392275,8.919573,SMPD5,
286101,286101,8.919573,ZNF252P,
286102,286102,8.919771,TMED10P1,
286103,286103,27.651411,ZNF252P-AS1,
2298,2298,27.651411,FOXD4,
81704,81704,27.650675,DOCK8,
23189,23189,26.859694,KANK1,
105375947,105375947,27.650675,LOC105375947,
58524,58524,26.859749,DMRT3,
10655,10655,26.859749,DMRT2,
102800446,102800446,27.651525,LINC-ADAIN,
107987043,107987043,27.651525,LOC107987043,
101930053,101930053,27.651525,LOC101930053,
401491,401491,27.651525,VLDLR-AS1,
7436,7436,26.859749,VLDLR,
105375957,105375957,27.651289,LOC105375957,
6505,6505,26.337366,SLC1A1,
55064,55064,27.650675,SPATA6L,
403313,403313,27.650675,PLPP6,
55664,55664,26.859024,CDC37L1,
3717,3717,26.338165,JAK2,
6013,6013,27.650805,RLN1,
6019,6019,26.85718,RLN2,
29126,29126,26.85718,CD274,
80380,80380,26.859749,PDCD1LG2,
2731,2731,26.85963,GLDC,
105375969,105375969,27.651474,LOC105375969,
101929407,101929407,27.651411,PTPRD-AS1,
7306,7306,26.858898,TYRP1,
101929467,101929467,27.651525,LURAP1L-AS1,
286343,286343,27.651289,LURAP1L,
401492,401492,27.651411,LINC01235,
4781,4781,26.85963,NFIB,
389705,389705,8.664161,HPF1P1,
158219,158219,27.64896,TTC39B,
11168,11168,26.859749,PSIP1,
111216284,111216284,27.651525,BNC2-AS1,
6456,6456,26.859749,SH3GL2,
102724102,102724102,27.651289,LOC102724102,
123,123,26.859694,PLIN2,
6194,6194,26.859694,RPS6,
107987053,107987053,27.651411,LOC107987053,
100048912,100048912,26.338215,CDKN2B-AS1,
63951,63951,26.85718,DMRTA1,
441389,441389,27.651289,LINC01239,
101929563,101929563,27.651474,LOC101929563,
286319,286319,27.651289,TUSC1,
23586,23586,26.338165,RIGI,
107987060,107987060,27.650675,LOC107987060,
573,573,26.858898,BAG1,
364,364,26.85963,AQP7,
105376020,105376020,27.651411,LOC105376020,
360,360,26.85718,AQP3,
1271,1271,26.85718,CNTFR,
138716,138716,27.651289,RPP25L,
138715,138715,27.650805,ARID3C,
3590,3590,26.859509,IL11RA,
730098,730098,27.651474,LOC730098,
107987063,,,,True
6363,6363,26.85718,CCL19,
101926900,101926900,27.64896,DNAJB5-DT,
9853,9853,27.651525,RUSC2,
730112,730112,27.651411,CIMIP2B,
7016,7016,27.650675,TESK1,
971,971,26.85963,CD72,
27240,27240,26.859509,SIT1,
203260,203260,27.651411,CCDC107,
768,768,26.85963,CA9,
7169,7169,26.338097,TPM2,
4882,4882,26.859509,NPR2,
392307,392307,27.650805,FAM221B,
51754,51754,27.651525,TMEM8B,
646962,646962,27.651525,HRCT1,
158376,158376,26.859749,SPAAR,
1211,1211,26.859509,CLTA,
9833,9833,27.650805,MELK,
5079,5079,26.859749,PAX5,
105376032,105376032,27.651525,LOC105376032,
105376031,105376031,27.651525,LOC105376031,
100506710,100506710,8.91983,EBLN3P,
105376033,105376033,27.651289,LOC105376033,
79269,79269,27.650675,DCAF10,
6461,6461,26.85718,SHB,
100289137,100289137,27.64896,FAM95C,
253650,253650,27.64896,ANKRD18A,
105376050,105376050,27.64896,LOC105376050,
107986991,,,,True
440896,440896,27.650675,LINC03025,
100616184,100616184,27.650675,MIR4477A,
728577,728577,27.651411,CNTNAP3B,
107984126,107984126,27.651411,LOC107984126,
107987001,107987001,27.651411,FAM27E4,
101930026,,,,True
105379814,105379814,27.651411,LOC105379814,
375719,375719,8.919771,AQP7P1,
100616194,100616194,27.651289,MIR4477B,
100132154,100132154,8.91983,ANKRD30BP5,
102724507,102724507,27.651474,LOC102724507,
441432,441432,8.919771,AQP7P3,
112267859,112267859,27.651289,LOC112267859,
105379448,105379448,27.651474,LOC105379448,
643827,643827,8.919615,CNTNAP3P2,
100131997,100131997,27.651411,FAM27E3,
101929800,101929800,27.651411,LOC101929800,
5239,5239,27.651411,PGM5,
9413,9413,27.651411,ENTREP1,
105376074,,,,True
320,320,27.650675,APBA1,
256691,256691,27.650675,MAMDC2,
107984011,107984011,27.650805,LOC107984011,
301,301,26.859024,ANXA1,
101927380,101927380,27.651411,CARNMT1-AS1,
5125,5125,27.651411,PCSK5,
653162,653162,8.91981,RPSAP9,
107987081,107987081,27.651411,LOC107987081,
107987084,107987084,27.650805,LOC107987084,
7088,7088,26.859749,TLE1,
105376106,105376106,27.651525,LOC105376106,
112268037,,,,True
105376114,105376114,27.651474,UBQLN1-AS1,
80010,80010,26.859509,RMI1,
64078,64078,26.858898,SLC28A3,
4915,4915,26.85718,NTRK2,
105376121,105376121,27.651289,LOC105376121,
2619,2619,26.859509,GAS1,
100506834,100506834,27.651289,GAS1RR,
1612,1612,26.337978,DAPK1,
158046,158046,27.651525,NXNL2,
53358,53358,26.859509,SHC3,
1164,1164,26.85718,CKS2,
10507,10507,26.335646,SEMA4D,
100129066,100129066,27.651525,LINC03062,
101927873,101927873,27.651411,LINC01508,
340515,340515,27.651411,LINC01501,
54769,54769,27.650805,DIRAS2,
6850,6850,26.858898,SYK,
4783,4783,27.650805,NFIL3,
105376146,105376146,27.650675,LOC105376146,
158314,158314,27.651474,LINC00475,
4969,4969,26.859694,OGN,
4958,4958,26.338165,OMD,
84270,84270,27.64896,CARD19,
65268,65268,27.64896,WNK2,
406886,406886,27.650805,MIRLET7D,
54754,54754,27.651525,NUTM2F,
100132077,100132077,27.650675,LOC100132077,
84909,84909,26.85718,AOPEP,
407011,407011,27.651525,MIR23B,
407019,407019,27.650805,MIR27B,
100422842,100422842,27.651525,MIR3074,
407012,407012,27.650805,MIR24-1,
112268049,,,,True
100188953,100188953,27.651525,LINC00092,
195828,195828,27.651525,ZNF367,
22927,22927,26.859694,HABP4,
195827,195827,27.651474,PRXL2C,
1515,1515,26.335646,CTSV,
7111,7111,26.85718,TMOD1,
55363,55363,27.651474,HEMGN,
9830,9830,27.651474,TRIM14,
107987011,107987011,27.651474,LOC107987011,
441461,441461,27.650675,STX17-DT,
54886,54886,27.650675,PLPPR1,
84302,84302,27.650675,PGAP4,
116443,116443,26.338215,GRIN3A,
10592,10592,26.859749,SMC2,
105376199,105376199,27.64896,FKTN-AS1,
58499,58499,27.64896,ZNF462,
112268052,,,,True
9314,9314,26.85963,KLF4,
23732,23732,27.64896,FRRS1L,
54566,54566,26.85718,EPB41L4B,
107987113,,,,True
79987,79987,26.859694,SVEP1,
4593,4593,26.337494,MUSK,
105376219,105376219,27.651289,LOC105376219,
7357,7357,26.85718,UGCG,
100616114,100616114,27.651411,MIR4668,
9991,9991,27.651525,PTBP3,
107987118,,,,True
138065,138065,27.650675,RNF183,
54836,54836,27.650675,BSPRY,
81932,81932,27.650805,HDHD3,
113220,113220,26.85718,KIF12,
85301,85301,26.337978,COL27A1,
5005,5005,26.859694,ORM2,
80709,80709,27.651411,AKNA,
9966,9966,26.859749,TNFSF15,
944,944,26.858898,TNFSF8,
105376244,105376244,27.650805,LOC105376244,
105376243,105376243,27.64896,LOC105376243,
101928849,101928849,27.651289,LOC101928849,
7185,7185,26.338165,TRAF1,
110599590,110599590,27.651411,C5-OT1,
11064,11064,27.651525,CNTRL,
2934,2934,26.858898,GSN,
2681,2681,27.650805,GGTA1,
105376257,105376257,27.64896,LOC105376257,
54542,54542,26.859509,RC3H2,
10773,10773,27.651474,ZBTB6,
57684,57684,27.651411,ZBTB26,
55342,55342,27.651525,STRBP,
81571,81571,27.650675,MIR600HG,
105376266,105376266,27.650805,LOC105376266,
9355,9355,26.85718,LHX2,
105376270,105376270,27.651289,LOC105376270,
347088,347088,27.651474,ADGRD2,
2516,2516,26.85963,NR5A1,
169611,169611,27.651525,OLFML2A,
401551,401551,26.858898,WDR38,
112268055,112268055,27.650805,LOC112268055,
4010,4010,27.64896,LMX1B,
23452,23452,26.859509,ANGPTL2,
112268056,,,,True
6136,6136,26.85963,RPL12,
138428,138428,27.651525,PTRH1,
158248,158248,27.650675,TTC16,
107987132,107987132,27.650805,LOC107987132,
105379841,105379841,27.64896,LOC105379841,
3934,3934,26.859509,LCN2,
1759,1759,26.859694,DNM1,
51148,51148,27.651411,CERCAM,
29941,29941,26.338215,PKN3,
254295,254295,27.650675,PHYHD1,
389792,389792,27.650805,IER5L,
105376289,105376289,27.64896,LOC105376289,
107987133,107987133,27.651289,LOC107987133,
414318,414318,27.651474,LINC02913,
100506119,100506119,27.651411,LINC01503,
51450,51450,27.651525,PRRX2,
9536,9536,26.858898,PTGES,
445,445,26.337494,ASS1,
105376294,,,,True
10319,10319,26.859509,LAMC3,
83543,83543,27.651474,AIF1L,
286336,286336,27.651411,FAM78A,
84814,84814,27.651525,PLPP7,
692093,692093,27.650675,SNORD62B,
84628,84628,25.947956,NTNG2,
23064,23064,27.64896,SETX,
11092,11092,27.651289,SPACA9,
29989,29989,27.651474,OBP2B,
28,28,26.337494,ABO,
6130,6130,26.337494,RPL7A,
26813,26813,27.650805,SNORD36C,
6835,6835,27.651411,SURF2,
169436,169436,26.859749,STKLD1,
11182,11182,26.335646,SLC2A6,
642968,642968,27.64896,FAM163B,
1621,1621,26.858898,DBH,
138948,138948,27.650675,DBH-AS1,
105376310,105376310,27.651411,LINC02247,
414316,414316,27.651411,COL5A1-AS1,
2220,2220,26.858898,FCN2,
10439,10439,27.651411,OLFM1,
100506599,100506599,27.651411,PPP1R26-AS1,
105376323,105376323,27.64896,LINC02846,
728489,728489,26.859694,DNLZ,
101928483,101928483,27.651411,NALT1,
51162,51162,27.651474,EGFL7,
406913,406913,27.651411,MIR126,
10555,10555,26.859694,AGPAT2,
84973,84973,27.651525,SNHG7,
158062,158062,27.651525,LCN6,
100128593,100128593,27.651525,LOC100128593,
389813,389813,27.651525,AJM1,
105376326,105376326,27.64896,LOC105376326,
286256,286256,27.650805,LCN12,
401562,401562,27.650805,LCNL1,
401563,401563,27.651474,LINC02908,
2529,2529,26.338165,FUT7,
101930307,,,,True
105376328,105376328,27.650805,LOC105376328,
389816,389816,27.650675,LRRC26,
727800,727800,27.651289,RNF208,
10383,10383,26.859024,TUBB4B,
401565,401565,27.651289,CIMIP2A,
100129722,100129722,27.651289,STPG3-AS1,
10811,10811,26.85963,NOXA1,
377841,377841,26.338097,ENTPD8,
375775,375775,26.338097,PNPLA7,
651337,651337,27.651411,LOC651337,
643224,643224,8.91981,TUBBP5,
112267861,,,,True
105379525,105379525,27.64896,LOC105379525,
102724727,102724727,27.651411,LOC102724727,
102724813,102724813,27.650805,LOC102724813,
107984190,107984190,27.651289,LOC107984190,
414235,414235,27.650675,DIP2C-AS1,
107984285,,,,True
91734,91734,26.337978,IDI2,
55853,55853,27.651289,IDI2-AS1,
105376344,105376344,27.651289,LOC105376344,
105376342,105376342,27.64896,LOC105376342,
101927824,101927824,27.651474,PFKP-DT,
105376354,105376354,27.651289,LINC02668,
105376361,105376361,27.651289,LOC105376361,
101927904,101927904,27.651289,LINC02660,
105376367,105376367,27.651289,LOC105376367,
1645,1645,26.859024,AKR1C1,
1646,1646,26.858898,AKR1C2,
101928051,101928051,27.650675,LOC101928051,
8644,8644,26.335646,AKR1C3,
110806285,110806285,27.64896,LINC02561,
79861,79861,26.85718,TUBAL3,
51806,51806,26.85718,CALML5,
100132159,100132159,27.650675,CALML3-AS1,
810,810,26.859024,CALML3,
102723629,102723629,27.650805,LINC02677,
54906,54906,27.650675,TASOR2,
105376384,105376384,27.64896,LOC105376384,
3559,3559,26.858898,IL2RA,
107984201,107984201,27.650805,IL2RA-AS1,
101928080,101928080,27.650805,LOC101928080,
5209,5209,25.947956,PFKFB3,
5588,5588,25.947956,PRKCQ,
439949,439949,27.650805,PRKCQ-AS1,
101928150,101928150,27.650805,LINC02648,
100507127,100507127,26.859024,LINC00707,
107984203,,,,True
57713,57713,27.650805,SFMBT2,
105376388,105376388,27.64896,LINC02642,
105376391,105376391,27.651525,LOC105376391,
80760,80760,27.64896,ITIH5,
399717,399717,27.651474,GATA3-AS1,
107984204,,,,True
105376398,105376398,27.651289,LOC105376398,
207107,207107,27.651289,SFTA1P,
414196,414196,27.651474,CELF2-AS1,
9712,9712,26.859509,USP6NL,
105376411,105376411,27.651289,LOC105376411,
107984208,107984208,27.651289,USP6NL-AS1,
105376413,105376413,27.64896,LOC105376413,
105376412,105376412,27.651474,LOC105376412,
79746,79746,27.651474,ECHDC3,
219731,219731,27.650675,PROSER2-AS1,
83643,83643,27.650675,CCDC3,
55388,55388,26.85718,MCM10,
5264,5264,26.85963,PHYH,
105376420,105376420,27.651474,LOC105376420,
105376426,105376426,27.64896,LOC105376426,
108949267,108949267,27.64896,ACBD7-DCLRE1CP1,
105376432,105376432,8.91902,DCLRE1CP1,
414149,414149,27.651474,ACBD7,
221061,221061,27.651525,FAM171A1,
101928701,,,,True
7431,7431,26.85718,VIM,
338596,338596,27.650675,ST8SIA6,
100128098,100128098,27.651411,ST8SIA6-AS1,
9200,9200,26.859509,HACD1,
102723166,102723166,27.651411,STAM-DT,
399726,399726,27.651411,MIR1915HG,
387640,387640,27.651289,SKIDA1,
107984214,107984214,27.650675,LOC107984214,
64215,64215,27.651289,DNAJC1,
105376447,105376447,27.650675,LOC105376447,
100130992,100130992,27.650675,LOC100130992,
100532731,100532731,26.859509,COMMD3-BMI1,
23412,23412,26.859509,COMMD3,
648,648,26.859749,BMI1,
9576,9576,26.338097,SPAG6,
5305,5305,26.85963,PIP4K2A,
22921,22921,26.338165,MSRB2,
105376456,105376456,27.651525,LOC105376456,
56952,56952,27.651411,PRTFDC1,
54518,54518,26.859694,APBB1IP,
645528,645528,27.650675,FAM238A,
731789,731789,27.651525,FAM238B,
374308,374308,8.919573,PTCHD3,
283078,283078,27.650675,MKX,
105376467,,,,True
25805,25805,26.859509,BAMBI,
645954,645954,8.919771,SVIL2P,
107984219,107984219,27.650675,LOC107984219,
101929447,101929447,27.650675,IATPR,
100505601,100505601,27.651525,PARD3-DT,
105376491,105376491,27.650805,LINC02635,
107984222,107984222,27.651525,LOC107984222,
101929540,101929540,27.651525,LOC101929540,
84856,84856,27.651411,LINC00839,
105378269,105378269,27.651411,LOC105378269,
5979,5979,26.337494,RET,
55454,55454,26.337494,CSGALNACT2,
107984225,107984225,27.650805,LOC107984225,
105379857,,,,True
7580,7580,27.651474,ZNF32,
414197,414197,27.651474,ZNF32-AS1,
105378274,,,,True
105378277,105378277,27.64896,LINC02659,
283033,283033,27.651411,LINC00841,
6387,6387,26.859509,CXCL12,
100130539,100130539,27.64896,LINC02881,
83937,83937,27.651525,RASSF4,
105378281,105378281,27.651411,LOC105378281,
11067,11067,27.651474,DEPP1,
79290,79290,26.85718,OR13A1,
102724323,102724323,27.651525,LOC102724323,
105378287,105378287,27.651289,LOC105378287,
100996567,100996567,8.919771,ANTXRLP1,
195977,195977,26.859509,ANTXRL,
728113,728113,27.64896,ANXA8L1,
643650,643650,27.64896,LINC00842,
728643,728643,8.91902,HNRNPA1P33,
5540,5540,26.859694,NPY4R,
9721,9721,27.651289,GPRIN2,
414212,414212,8.91981,GLUD1P2,
2662,2662,27.651411,GDF10,
118738,118738,27.650675,ZNF488,
653145,653145,27.650675,ANXA8,
100996758,100996758,26.859694,NPY4R2,
57705,57705,26.859694,WDFY4,
105378299,105378299,27.651525,LOC105378299,
474354,474354,27.651411,LRRC18,
105378298,105378298,27.651474,LOC105378298,
196740,196740,27.64896,VSTM4,
55753,55753,27.651411,OGDHL,
100506939,100506939,27.651474,PRKG1-AS1,
11130,11130,27.651525,ZWINT,
728640,728640,8.919771,FAM133CP,
220963,220963,27.650675,SLC16A9,
107987153,,,,True
983,983,26.337494,CDK1,
219790,219790,27.650675,RTKN2,
105378326,,,,True
101929846,101929846,27.64896,LOC101929846,
105378339,105378339,27.64896,LOC105378339,
220202,220202,26.335646,ATOH7,
5552,5552,26.859749,SRGN,
80201,80201,25.947956,HKDC1,
23555,23555,27.650805,TSPAN15,
105378345,105378345,27.651411,LOC105378345,
1305,1305,26.859509,COL13A1,
64106,64106,26.85963,NPFFR1,
5551,5551,26.85963,PRF1,
5092,5092,26.85963,PCBD1,
728978,728978,27.651411,UNC5B-AS1,
105378353,105378353,27.64896,LOC105378353,
64072,64072,26.85718,CDH23,
9469,9469,26.85718,CHST3,
9806,9806,26.858898,SPOCK2,
109617000,109617000,27.650675,SNORA11F,
58529,58529,26.858898,MYOZ1,
79933,79933,27.650675,SYNPO2L,
105378360,105378360,27.651474,SYNPO2L-AS1,
729096,729096,8.9198475,BMS1P4,
2749,2749,8.91902,GLUD1P3,
338599,338599,27.650675,DUSP29,
51207,51207,27.650675,DUSP13B,
84858,84858,27.651411,ZNF503,
100131213,100131213,27.651411,ZNF503-AS2,
101929234,101929234,27.651474,LOC101929234,
83938,83938,26.859694,LRMDA,
100128292,100128292,27.651525,DLG5-AS1,
11128,11128,26.335646,POLR3A,
414243,414243,27.64896,LINC00595,
219654,219654,27.651525,ZCCHC24,
729238,729238,26.85963,SFTPA2,
107984248,,,,True
6441,6441,26.337978,SFTPD,
219348,219348,27.651289,PLAC9,
439990,439990,27.651289,LINC00857,
4143,4143,26.337978,MAT1A,
642934,642934,27.651525,CERNA2,
92211,92211,27.651474,CDHR1,
2894,2894,26.85963,GRID1,
23063,23063,27.651411,WAPL,
11155,11155,27.651411,LDB3,
79812,79812,26.338215,MMRN2,
6623,6623,26.859509,SNCG,
643161,643161,27.64896,FAM25A,
107987150,,,,True
105378414,105378414,27.651289,LOC105378414,
101929727,101929727,27.651474,LOC101929727,
340654,340654,27.651474,LIPM,
118932,118932,27.64896,ANKRD22,
57559,57559,26.85718,STAMBPL1,
105379869,,,,True
100132116,100132116,26.859509,ACTA2-AS1,
59,59,26.859509,ACTA2,
355,355,26.337978,FAS,
100302740,100302740,27.650675,FAS-AS1,
3433,3433,26.858898,IFIT2,
3437,3437,26.859749,IFIT3,
101926887,,,,True
3434,3434,26.859509,IFIT1,
107984251,,,,True
24138,24138,26.859749,IFIT5,
283011,283011,8.91902,FLJ37201,
9585,9585,26.85718,KIF20B,
100188947,100188947,27.650675,HECTD2-AS1,
105378433,105378433,27.651525,LOC105378433,
3832,3832,26.85963,KIF11,
3087,3087,26.85963,HHEX,
1592,1592,26.85963,CYP26A1,
55165,55165,26.859749,CEP55,
338557,338557,26.859749,FFAR4,
5950,5950,26.859749,RBP4,
5146,5146,26.335646,PDE6C,
3070,3070,26.85718,HELLS,
9124,9124,27.64896,PDLIM1,
10580,10580,26.85718,SORBS1,
728558,728558,27.64896,ENTPD1-AS1,
29760,29760,26.85718,BLNK,
105378443,105378443,27.651289,LOC105378443,
118788,118788,26.859509,PIK3AP1,
6585,6585,26.337978,SLIT1,
100533184,100533184,27.651289,ARHGAP19-SLIT1,
105378448,105378448,27.651289,LOC105378448,
80019,80019,27.651474,UBTD1,
60370,60370,27.651474,AVPI1,
83742,83742,26.859749,MARVELD1,
6425,6425,27.650675,SFRP5,
401647,401647,27.651411,GOLGA7B,
55118,55118,27.651525,CRTAC1,
84171,84171,26.338215,LOXL4,
84795,84795,27.650805,PYROXD2,
100302133,100302133,27.64896,MIR1287,
60495,60495,26.85718,HPSE2,
26507,26507,27.64896,CNNM1,
23268,23268,26.85718,DNMBP,
9033,9033,26.85718,PKD2L1,
5076,5076,26.335646,PAX2,
84445,84445,27.64896,LZTS2,
79955,79955,26.85718,PDZD7,
107984262,107984262,27.64896,KAZALD1-DT,
6468,6468,26.85718,FBXW4,
30819,30819,26.85718,KCNIP2,
100505761,100505761,27.650805,C10orf95-AS1,
102724307,102724307,27.650805,CYP17A1-AS1,
57412,57412,26.337494,AS3MT,
255022,255022,26.858898,CALHM1,
9148,9148,26.338215,NEURL1,
1308,1308,26.338215,COL17A1,
80217,80217,27.651525,CFAP43,
101927472,101927472,27.651474,ITPRIP-AS1,
159686,159686,27.651474,CFAP58,
100505869,100505869,27.651474,CFAP58-DT,
114815,114815,26.859694,SORCS1,
101927573,101927573,27.651411,LOC101927573,
4601,4601,27.651411,MXI1,
282996,282996,27.651411,RBM20,
150,150,26.85963,ADRA2A,
57678,57678,26.859509,GPAM,
51703,51703,26.859694,ACSL5,
107984158,107984158,27.650675,LINC02935,
6934,6934,26.859694,TCF7L2,
107984270,107984270,27.651474,LOC107984270,
79949,79949,27.651474,PLEKHS1,
9937,9937,27.651474,DCLRE1A,
153,153,26.859749,ADRB1,
100302224,100302224,27.651525,MIR2110,
56165,56165,27.650675,TDRD1,
340706,340706,26.338097,VWA2,
84632,84632,27.651411,AFAP1L2,
102724589,102724589,27.651411,LINC02626,
26033,26033,27.651411,ATRNL1,
119548,119548,26.858898,PNLIPRP3,
143379,143379,27.650675,SPMIP5,
105378499,105378499,27.651525,HSPA12A-AS1,
259217,259217,27.651289,HSPA12A,
196047,196047,27.650675,EMX2OS,
2018,2018,26.85963,EMX2,
255082,255082,27.651411,CASC2,
340719,340719,27.650675,NANOS1,
105378512,105378512,27.650675,LOC105378512,
9531,9531,26.859509,BAG3,
105378513,105378513,27.651289,LOC105378513,
196051,196051,26.859509,PLPP4,
105378520,105378520,27.650675,LNCMB3,
2263,2263,26.858898,FGFR2,
100130887,100130887,8.91983,ATE1OSP,
10579,10579,26.85963,TACC2,
118663,118663,27.651525,BTBD16,
105378525,105378525,27.651289,HTRA1-AS1,
5654,5654,26.858898,HTRA1,
105378526,,,,True
1755,1755,26.338215,DMBT1,
399815,399815,8.91983,C10orf88B,
107984275,107984275,27.651289,LOC107984275,
119587,119587,27.650675,CPXM2,
107984128,107984128,27.650675,LOC107984128,
105378536,105378536,27.650675,LOC105378536,
64077,64077,26.858898,LHPP,
9679,9679,27.651525,FAM53B,
101927944,101927944,27.651474,FAM53B-AS1,
283038,283038,27.651474,LOC283038,
107984277,,,,True
399821,399821,27.651411,EDRF1-DT,
92565,92565,27.651411,FANK1,
105378553,105378553,27.651411,AS-PTPRE,
4288,4288,27.651411,MKI67,
4255,4255,26.85718,MGMT,
253738,253738,26.859509,EBF3,
119437,119437,8.919771,CTAGE7P,
282973,282973,27.651289,JAKMIP3,
105378567,105378567,27.651474,JAKMIP3-AS1,
282974,282974,27.651474,STK32C,
84504,84504,27.651474,NKX6-2,
54777,54777,27.651474,CFAP46,
103695432,103695432,27.651525,LINC01167,
84435,84435,27.651525,ADGRA1,
85442,85442,27.651525,KNDC1,
27287,27287,27.651525,VENTX,
101,101,26.859509,ADAM8,
118472,118472,27.650675,ZNF511,
619207,619207,27.650675,SCART1,
105378576,,,,True
112268070,112268070,27.651525,LOC112268070,
23410,23410,26.859509,SIRT3,
171389,171389,26.337978,NLRP6,
338707,338707,26.859509,B4GALNT4,
81490,81490,26.859509,PTDSS2,
101059906,,,,True
3265,3265,26.85963,HRAS,
256329,256329,27.650675,LMNTD2,
692247,692247,27.650675,LMNTD2-AS1,
406992,406992,27.651289,MIR210,
10522,10522,27.651289,DEAF1,
283232,283232,27.651411,TMEM80,
64787,64787,26.85963,EPS8L2,
57104,57104,26.859749,PNPLA2,
283229,283229,27.651474,CRACR2B,
977,977,26.85718,CD151,
66005,66005,27.651289,CHID1,
4588,4588,8.663607,MUC6,
54472,54472,26.859694,TOLLIP,
255512,255512,27.64896,TOLLIP-DT,
9024,9024,26.85718,BRSK2,
81532,81532,27.64896,MOB2,
1850,1850,26.85718,DUSP8,
338651,338651,27.64896,KRTAP5-AS1,
387264,387264,26.859694,KRTAP5-1,
402778,402778,27.651474,IFITM10,
90019,90019,27.651474,SYT8,
7136,7136,26.85963,TNNI2,
7140,7140,26.85963,TNNT3,
104355220,104355220,27.651411,LINC01219,
103344718,,,,True
3481,3481,26.338097,IGF2,
723961,723961,27.651411,INS-IGF2,
51214,51214,27.651411,IGF2-AS,
430,430,27.651411,ASCL2,
29125,29125,27.651411,C11orf21,
10077,10077,27.651411,TSPAN32,
975,975,26.859509,CD81,
3784,3784,26.85718,KCNQ1,
1028,1028,26.859694,CDKN1C,
100852407,100852407,27.651525,CARS1-AS1,
650368,650368,8.9198475,TSSC2,
10821,10821,8.9198475,OR7E12P,
105376526,105376526,27.651525,LOC105376526,
116969,116969,27.651525,ART5,
10346,10346,26.859749,TRIM22,
390072,390072,26.859749,OR52N4,
387748,387748,26.859749,OR56B1,
390077,390077,26.859694,OR52N2,
112268071,112268071,27.651474,LOC112268071,
112464,112464,27.651474,CAVIN3,
101927825,101927825,27.651525,LOC101927825,
387751,387751,8.919771,GVINP1,
107984019,107984019,27.64896,LOC107984019,
7762,7762,27.651289,ZNF215,
105376535,105376535,27.650675,LOC105376535,
51700,51700,26.858898,CYB5R2,
341277,341277,27.650675,OVCH2,
105376533,105376533,27.64896,LOC105376533,
26343,26343,8.91902,OR5E1P,
8665,8665,26.85718,EIF3F,
7275,7275,27.64896,TUB,
79608,79608,26.859509,RIC3,
4004,4004,27.651289,LMO1,
6764,6764,27.651289,DENND2B,
105376539,,,,True
102724784,102724784,27.650675,DENND2B-AS1,
56675,56675,27.651411,NRIP3,
57758,57758,26.338097,SCUBE2,
283102,283102,8.919573,KRT8P41,
105376542,105376542,27.651525,LOC105376542,
7465,7465,26.859749,WEE1,
133,133,26.859749,ADM,
272,272,26.337366,AMPD3,
100463486,100463486,8.919573,MTRNR2L8,
10335,10335,26.858898,IRAG1,
105376548,105376548,27.650675,LOC105376548,
283106,283106,26.858898,CSNK2A3,
27122,27122,27.650675,DKK3,
55742,55742,26.858898,PARVA,
107984313,107984313,27.650675,LOC107984313,
100506305,100506305,27.650675,LINC00958,
644943,644943,27.650675,RASSF10,
5140,5140,26.859509,PDE3B,
55553,55553,26.859509,SOX6,
10819,10819,8.91983,OR7E14P,
6207,6207,26.338165,RPS13,
26822,26822,27.651474,SNORD14A,
374383,374383,27.651474,NCR3LG1,
3746,3746,26.859749,KCNC1,
26297,26297,27.651525,SERGEF,
117195,117195,27.651474,MRGPRX3,
100528017,100528017,27.651525,SAA2-SAA4,
6291,6291,27.651525,SAA4,
6289,6289,27.651525,SAA2,
6288,6288,26.859749,SAA1,
3948,3948,26.859749,LDHC,
160287,160287,26.85718,LDHAL6A,
283284,283284,27.64896,IGSF22,
105376579,,,,True
84867,84867,26.859694,PTPN5,
79733,79733,26.859694,E2F8,
89797,89797,26.859509,NAV2,
100126784,100126784,27.64896,LEISA1,
107984418,107984418,27.64896,LOC107984418,
2620,2620,26.85718,GAS2,
105376592,105376592,27.651289,LINC02718,
338645,338645,27.64896,LUZP2,
63982,63982,26.85718,ANO3,
143662,143662,27.64896,MUC15,
159963,159963,26.335646,SLC5A12,
8424,8424,26.859694,BBOX1,
91057,91057,27.64896,CCDC34,
55366,55366,26.859509,LGR4,
105376671,105376671,27.64896,LGR4-AS1,
81930,81930,26.337366,KIF18A,
102723403,102723403,27.650675,LOC102723403,
744,744,27.650675,MPPED2,
105376609,105376609,27.651289,MPPED2-AS1,
101928316,101928316,27.651525,LINC02859,
101928338,101928338,27.651525,LOC101928338,
493860,493860,27.651411,CCDC73,
966,966,26.859749,CD59,
4005,4005,26.85963,LMO2,
101929918,101929918,27.651289,LOC101929918,
2001,2001,26.85963,ELF5,
105376626,105376626,27.651289,LOC105376626,
105376627,105376627,27.651411,LOC105376627,
25891,25891,27.651411,PAMR1,
24147,24147,27.64896,FJX1,
387763,387763,27.651289,C11orf96,
84680,84680,27.651289,ACCS,
57586,57586,27.651289,SYT13,
374387,374387,27.651289,LINC02716,
1408,1408,26.85718,CRY2,
9479,9479,26.859509,MAPK8IP1,
4192,4192,26.859694,MDK,
1132,1132,26.338165,CHRM4,
283254,283254,27.651474,HARBI1,
9793,9793,26.859694,CKAP5,
4038,4038,26.85718,LRP4,
29763,29763,27.64896,PACSIN3,
101928943,101928943,27.64896,MADD-AS1,
399888,399888,27.64896,FAM180B,
114900,114900,27.651474,C1QTNF4,
5795,5795,26.85963,PTPRJ,
2346,2346,26.338097,FOLH1,
219527,219527,27.651411,LRRC55,
5553,5553,26.858898,PRG2,
349667,349667,26.859509,RTN4RL2,
219537,219537,27.651289,SMTNL1,
9246,9246,26.337978,UBE2L6,
219539,219539,27.650675,YPEL4,
105369313,105369313,27.650675,LOC105369313,
9404,9404,26.85718,LPXN,
386607,386607,27.651289,ZFP91-CNTF,
1270,1270,26.85718,CNTF,
10249,10249,26.858898,GLYAT,
219970,219970,26.338215,GLYATL2,
105369315,105369315,27.651289,LOC105369315,
374393,374393,27.651289,FAM111B,
63901,63901,27.651525,FAM111A,
219972,219972,27.651525,MPEG1,
219988,219988,26.337366,PATL1,
6947,6947,26.85963,TCN1,
931,931,27.651411,MS4A1,
219995,219995,27.651411,MS4A15,
11251,11251,26.85963,PTGDR2,
22917,22917,26.337366,ZP1,
107984333,107984333,27.651474,PRPF19-DT,
923,923,26.85963,CD6,
105369326,105369326,27.651411,LOC105369326,
105369325,105369325,27.651411,LOC105369325,
921,921,27.651411,CD5,
643834,643834,26.85963,PGA3,
643847,643847,26.85963,PGA4,
5222,5222,26.85963,PGA5,
220001,220001,26.859694,VWCE,
105369331,105369331,27.651474,LOC105369331,
2237,2237,26.859694,FEN1,
3992,3992,26.859694,FADS1,
9415,9415,26.858898,FADS2,
5866,5866,26.859749,RAB3IL1,
7439,7439,27.651525,BEST1,
2495,2495,26.859749,FTH1,
3619,3619,26.859749,INCENP,
1937,1937,26.859749,EEF1G,
221091,221091,27.650675,LRRN4CL,
283237,283237,27.650675,TTC9C,
9299,9299,27.651474,SNORD30,
9297,9297,27.651474,SNORD29,
9300,9300,27.651289,SNORD28,
9301,9301,27.651289,SNORD27,
9302,9302,27.651474,SNORD26,
9303,9303,27.651289,SNORD25,
105369333,105369333,27.64896,LOC105369333,
85329,85329,27.64896,LGALS12,
5920,5920,26.858898,PLAAT4,
10963,10963,26.858898,STIP1,
83706,83706,26.85718,FERMT3,
7423,7423,26.85718,VEGFB,
102723878,102723878,27.651289,LOC102723878,
283234,283234,27.651289,CCDC88B,
55867,55867,26.859749,SLC22A11,
9379,9379,26.859509,NRXN2,
10235,10235,26.859749,RASGRP2,
55561,55561,27.650675,CDC42BPG,
116071,116071,27.651289,BATF2,
402,402,26.338165,ARL2,
113130,113130,26.859694,CDCA5,
7108,7108,26.338165,TM7SF2,
387778,387778,27.651474,SPDYC,
10435,10435,27.651474,CDC42EP2,
4054,4054,26.338165,LTBP3,
30008,30008,26.338165,EFEMP2,
1521,1521,26.338215,CTSW,
11007,11007,27.651411,CCDC85B,
8061,8061,26.859749,FOSL1,
57124,57124,27.651525,CD248,
102724064,102724064,27.650675,B4GAT1-DT,
246330,246330,26.858898,PELI3,
8722,8722,26.337978,CTSF,
55231,55231,27.650675,CCDC87,
5091,5091,26.337366,PC,
91683,91683,27.651289,SYT12,
29984,29984,26.337978,RHOD,
374403,374403,27.651525,TBC1D10C,
5790,5790,27.651525,PTPRCAP,
390212,390212,27.650675,GPR152,
2950,2950,26.859509,GSTP1,
254552,254552,27.651474,NUDT8,
645332,645332,8.91983,FAM86C2P,
105369360,105369360,27.64896,LINC02754,
102465451,102465451,27.64896,MIR6753,
107984343,107984343,27.64896,LOC107984343,
51083,51083,26.85718,GAL,
116535,116535,27.651525,MRGPRF,
105369367,105369367,27.651525,LOC105369367,
102724265,102724265,27.651525,LINC02953,
105379407,105379407,27.651525,LINC02747,
9965,9965,26.859749,FGF19,
105369371,105369371,27.651525,LOC105369371,
100009613,100009613,27.651411,LINC02584,
55107,55107,27.651411,ANO1,
105369372,,,,True
101928473,101928473,27.64896,LOC101928473,
105369373,105369373,27.651411,LOC105369373,
100129216,100129216,27.651289,DEFB131B,
10068,10068,26.859509,IL18BP,
2352,2352,26.858898,FOLR3,
2348,2348,26.858898,FOLR1,
101928555,101928555,27.651289,LINC01537,
5138,5138,26.859509,PDE2A,
9873,9873,26.858898,FCHSD2,
105369381,105369381,27.64896,IUR1,
105369382,105369382,27.64896,LOC105369382,
9828,9828,26.85718,ARHGEF17,
84957,84957,27.64896,RELT,
374407,374407,26.85718,DNAJB13,
7351,7351,26.85718,UCP2,
254225,254225,27.64896,RNF169,
10825,10825,26.85718,NEU3,
11309,11309,26.85718,SLCO2B1,
114599,114599,27.64896,SNORD15B,
80168,80168,26.338097,MOGAT2,
84649,84649,26.338097,DGAT2,
7481,7481,26.85963,WNT11,
112268079,112268079,27.651411,LOC112268079,
100506127,100506127,27.650675,GVQW3,
101928813,101928813,27.650675,LINC02757,
2615,2615,27.651411,LRRC32,
25987,25987,26.85963,TSKU,
726,726,26.85963,CAPN5,
4647,4647,26.337366,MYO7A,
220032,220032,26.859749,GDPD4,
28971,28971,27.651525,AAMDC,
65987,65987,27.651525,KCTD14,
220382,220382,27.651525,FAM181B,
220042,220042,27.651411,DDIAS,
27314,27314,26.858898,RAB30,
107984426,107984426,27.650675,LINC02695,
10873,10873,26.858898,ME3,
107984427,107984427,27.651411,ME3-DT,
107984429,107984429,27.651411,PRSS23-AS1,
107984428,,,,True
8322,8322,26.85718,FZD4,
65084,65084,27.64896,TMEM135,
1075,1075,26.85718,CTSC,
219595,219595,8.663607,FOLH1B,
10003,10003,26.859694,NAALAD2,
26973,26973,27.651474,CHORDC1,
120114,120114,27.651474,FAT3,
692075,692075,27.651525,SNORD6,
677792,677792,27.651525,SNORA1,
692072,692072,27.651525,SNORD5,
677822,677822,27.651525,SNORA40,
387804,387804,26.859509,VSTM5,
107984376,,,,True
105369440,105369440,27.651289,LOC105369440,
105369441,105369441,27.651474,LOC105369441,
57562,57562,27.651289,CEP126,
10413,10413,26.337978,YAP1,
330,330,26.859509,BIRC3,
101928424,101928424,27.651289,TMEM123-DT,
4316,4316,26.337366,MMP7,
101928477,101928477,27.64896,MMP20-AS1,
64066,64066,27.64896,MMP27,
100288077,100288077,8.91902,WTAPP1,
4312,4312,26.335646,MMP1,
4322,4322,26.335646,MMP13,
102723862,102723862,27.64896,LOC102723862,
80310,80310,26.85718,PDGFD,
100506742,100506742,8.663607,CASP12,
440067,440067,8.91983,CASP1P2,
440068,440068,8.91983,CARD17P,
2893,2893,26.337366,GRIA4,
55531,55531,27.650675,ELMOD1,
54734,54734,27.651474,RAB39A,
4863,4863,27.650675,NPAT,
472,472,26.859694,ATM,
160140,160140,27.651474,C11orf65,
105369488,105369488,27.651474,LOC105369488,
341032,341032,27.651474,POU2AF2,
399948,399948,27.651474,COLCA1,
120376,120376,27.651474,POU2AF3,
5450,5450,27.651474,POU2AF1,
399949,399949,27.651289,HOATZ,
143903,143903,27.651289,LAYN,
23235,23235,27.651411,SIK2,
1410,1410,26.859509,CRYAB,
3316,3316,27.651289,HSPB2,
100528019,100528019,27.651289,HSPB2-C11orf52,
91894,91894,27.651411,C11orf52,
3606,3606,26.858898,IL18,
4684,4684,26.858898,NCAM1,
100288346,100288346,27.651411,NCAM1-AS1,
255239,255239,27.651411,ANKK1,
1813,1813,26.338097,DRD2,
105369501,105369501,27.651411,LOC105369501,
80975,80975,27.650675,TMPRSS5,
3359,3359,26.85963,HTR3A,
7704,7704,26.85963,ZBTB16,
4837,4837,26.859749,NNMT,
107984393,107984393,27.651289,LOC107984393,
6876,6876,27.651289,TAGLN,
107984394,,,,True
53826,53826,27.651289,FXYD6,
84000,84000,27.651289,TMPRSS13,
3587,3587,26.338215,IL10RA,
100526771,100526771,27.651525,SMIM35,
6330,6330,26.858898,SCN4B,
6327,6327,27.650675,SCN2B,
120425,120425,26.858898,JAML,
10205,10205,27.650675,MPZL2,
916,916,26.859509,CD3E,
915,915,26.859694,CD3D,
917,917,26.859749,CD3G,
100131626,100131626,27.651525,LOC100131626,
101929089,101929089,27.651525,TTC36-AS1,
84866,84866,27.650675,TMEM25,
23187,23187,27.650675,PHLDB1,
11181,11181,26.858898,TREH,
105369519,105369519,27.651525,LOC105369519,
107984396,107984396,27.651411,CENATAC-DT,
338657,338657,27.651411,CENATAC,
649946,649946,8.91981,RPL23AP64,
79671,79671,26.85963,NLRX1,
867,867,26.85963,CBL,
4162,4162,27.651411,MCAM,
114902,114902,26.859694,C1QTNF5,
83552,83552,27.651474,MFRP,
9099,9099,26.338097,USP2,
107984398,107984398,27.651474,LOC107984398,
5818,5818,26.859694,NECTIN1,
23650,23650,26.859694,TRIM29,
105369529,105369529,27.651411,LOC105369529,
220323,220323,27.651525,OAF,
2900,2900,26.338215,GRIK4,
105369536,105369536,27.651525,SORL1-AS1,
105369535,105369535,27.651525,LOC105369535,
399959,399959,27.651411,MIR100HG,
84959,84959,27.651525,UBASH3B,
56253,56253,27.651289,CRTAM,
85391,85391,27.651289,SNORD14E,
85390,85390,27.651289,SNORD14D,
85389,85389,27.651525,SNORD14C,
57476,57476,27.651525,GRAMD1B,
55800,55800,26.859749,SCN3B,
4013,4013,26.859749,VWA5A,
4900,4900,27.651525,NRGN,
23584,23584,27.651525,VSIG2,
90952,90952,26.859749,ESAM,
64221,64221,26.335646,ROBO3,
54538,54538,27.64896,ROBO4,
220296,220296,26.85963,HEPACAM,
641654,641654,27.651411,HEPN1,
9638,9638,26.85718,FEZ1,
338667,338667,27.650675,VSIG10L2,
101929427,101929427,27.64896,KIRREL3-AS4,
101929497,101929497,27.651474,LINC02712,
105369563,105369563,27.650675,LINC02725,
107984408,,,,True
2113,2113,26.85963,ETS1,
2313,2313,26.85963,FLI1,
63970,63970,26.858898,TP53AIP1,
8538,8538,27.650675,BARX2,
120224,120224,27.64896,TMEM45B,
107984432,107984432,27.64896,LOC107984432,
6768,6768,26.859509,ST14,
11095,11095,27.651289,ADAMTS8,
170689,170689,27.651289,ADAMTS15,
4978,4978,27.651289,OPCML,
109623486,109623486,27.651289,SNORD153,
89944,89944,26.859749,GLB1L2,
27087,27087,26.859749,B3GAT1,
283177,283177,27.651289,B3GAT1-DT,
107987374,,,,True
107987375,,,,True
112267876,,,,True
440073,440073,26.859694,IQSEC3,
105369593,105369593,27.651474,IQSEC3-AS2,
81029,81029,26.858898,WNT5B,
79602,79602,26.858898,ADIPOR2,
112268103,,,,True
100271702,100271702,27.651474,LINC00940,
101929469,101929469,27.64896,TEX52,
10867,10867,27.650675,TSPAN9,
84766,84766,26.858898,CRACR2A,
105369609,105369609,27.651474,PARP11-AS1,
105369608,105369608,27.651474,LOC105369608,
10635,10635,26.859694,RAD51AP1,
26290,26290,26.859509,GALNT8,
105369614,,,,True
3742,3742,27.64896,KCNA6,
3736,3736,27.64896,KCNA1,
100507560,100507560,27.64896,LOC100507560,
3741,3741,26.85718,KCNA5,
105369617,105369617,27.651525,LOC105369617,
105369618,105369618,27.650675,LOC105369618,
4908,4908,26.858898,NTF3,
105369625,105369625,27.650675,LOC105369625,
55200,55200,26.858898,PLEKHG6,
7132,7132,26.858898,TNFRSF1A,
112268088,112268088,27.651289,LOC112268088,
6337,6337,26.337978,SCNN1A,
107984500,107984500,27.651411,LOC107984500,
105369626,105369626,27.651411,LOC105369626,
4055,4055,26.338097,LTBR,
939,939,26.859509,CD27,
6843,6843,26.859694,VAMP1,
105369631,105369631,27.651474,LOC105369631,
57121,57121,26.85718,LPAR5,
5763,5763,27.651289,PTMS,
3902,3902,26.859694,LAG3,
920,920,26.859694,CD4,
27239,27239,27.651474,GPR162,
10536,10536,27.651474,P3H3,
1822,1822,27.651474,ATN1,
113246,113246,27.64896,C12orf57,
100147744,100147744,27.64896,RNU7-1,
5777,5777,26.859509,PTPN6,
105369634,105369634,27.651474,LOC105369634,
105369635,105369635,27.651474,MIR200CHG,
406933,406933,27.651474,MIR141,
83758,83758,27.651411,RBP5,
170482,170482,27.651289,CLEC4C,
653113,653113,8.919771,FAM86FP,
101927905,101927905,27.64896,LINC02449,
112268090,112268090,27.64896,LOC112268090,
93978,93978,26.85718,CLEC6A,
338339,338339,26.85718,CLEC4D,
26253,26253,26.85718,CLEC4E,
57379,57379,26.335646,AICDA,
8076,8076,26.337366,MFAP5,
10219,10219,26.85963,KLRG1,
144571,144571,27.650675,A2M-AS1,
100422872,100422872,27.651411,MIR1244-3,
107987172,,,,True
107987174,,,,True
374443,374443,8.919573,LOC374443,
29121,29121,26.85963,CLEC2D,
105369652,105369652,27.651525,LINC02390,
160365,160365,27.651411,CLECL1,
969,969,26.859509,CD69,
160364,160364,26.85963,CLEC12A,
51266,51266,26.85963,CLEC1B,
387837,387837,27.650675,CLEC12B,
64581,64581,26.85718,CLEC7A,
4973,4973,26.859749,OLR1,
120939,120939,27.651525,TMEM52B,
23710,23710,26.338215,GABARAPL1,
3824,3824,26.859749,KLRD1,
105369656,105369656,27.64896,LOC105369656,
101928100,101928100,27.64896,KLRK1-AS1,
100528032,100528032,27.651289,KLRC4-KLRK1,
22914,22914,26.859509,KLRK1,
8302,8302,27.651525,KLRC4,
3823,3823,26.859749,KLRC3,
3822,3822,26.859749,KLRC2,
3821,3821,26.859749,KLRC1,
101060038,101060038,27.651289,LINC02446,
105376675,105376675,27.651289,LOC105376675,
8531,8531,26.859509,YBX3,
112268104,112268104,27.651289,LOC112268104,
11272,11272,27.651289,PRR4,
79370,79370,26.85718,BCL2L14,
103504734,103504734,27.64896,MIR1244-4,
503693,503693,27.651525,LOH12CR2,
387841,387841,8.9198475,RPL13AP20,
100506314,100506314,27.651525,GPRC5D-AS1,
50865,50865,27.651525,HEBP1,
83445,83445,27.651525,GSG1,
2012,2012,27.651411,EMP1,
2904,2904,26.338097,GRIN2B,
105369667,105369667,27.651411,LOC105369667,
55729,55729,27.650675,ATF7IP,
105369669,105369669,27.651474,LOC105369669,
121504,121504,26.85963,H4C16,
5800,5800,26.337978,PTPRO,
4257,4257,26.858898,MGST1,
79785,79785,27.650675,RERGL,
5288,5288,26.859694,PIK3C2G,
89869,89869,26.858898,PLCZ1,
93661,93661,26.85718,CAPZA3,
102724227,102724227,27.651474,LINC03208,
53919,53919,26.859694,SLCO1C1,
115072896,115072896,26.85718,SLCO1B3-SLCO1B7,
5965,5965,27.64896,RECQL,
80763,80763,27.651474,SPX,
112268093,112268093,27.651474,LOC112268093,
105369151,105369151,27.650675,LOC105369151,
105369699,105369699,27.650675,BCAT1-AS1,
645177,,,,True
4033,4033,26.85963,IRAG2,
79365,79365,26.85963,BHLHE41,
56938,56938,27.651411,BMAL2,
101928646,101928646,27.651525,BMAL2-AS1,
387849,387849,27.651525,REP15,
5744,5744,26.858898,PTHLH,
83857,83857,27.651289,TMTC1,
105369714,105369714,27.651474,LOC105369714,
160518,160518,27.651474,DENND5B,
107984532,,,,True
105369723,105369723,27.651289,LINC02422,
55196,55196,27.651289,RESF1,
341359,341359,26.85718,SYT10,
84920,84920,26.85718,ALG10,
107984469,107984469,27.64896,LOC107984469,
144245,144245,26.85718,ALG10B,
55605,55605,26.859509,KIF21A,
225,225,26.337978,ABCD2,
283461,283461,26.859694,REDIC1,
114134,114134,26.338165,SLC2A13,
101930164,101930164,27.650675,LINC02555,
120892,120892,26.337366,LRRK2,
1272,1272,26.859509,CNTN1,
283464,283464,27.64896,GXYLT1,
51535,51535,27.64896,PPHLN1,
80070,80070,26.338215,ADAMTS20,
83448,83448,26.859749,PUS7L,
5756,5756,26.859749,TWF1,
4753,4753,26.859749,NELL2,
440097,440097,27.651525,DBX2,
196528,196528,26.859749,ARID2,
105369745,105369745,27.651525,LOC105369745,
9169,9169,27.651474,SCAF11,
81539,81539,26.85963,SLC38A1,
105378248,105378248,27.651411,LOC105378248,
91523,91523,27.651474,PCED1B,
100233209,100233209,27.650805,PCED1B-AS1,
105369746,105369746,27.650675,LOC105369746,
105369747,105369747,27.64896,LOC105369747,
107984528,107984528,27.651289,LINC02416,
111082992,111082992,27.651525,LINC02156,
79657,79657,27.650675,RPAP3,
105369748,105369748,27.650805,RPAP3-DT,
8909,8909,26.85963,ENDOU,
55652,55652,27.651289,SLC48A1,
107984503,107984503,27.651474,LINC02354,
29843,29843,26.859749,SENP1,
387856,387856,27.64896,CCDC184,
121274,121274,26.858898,ZNF641,
54934,54934,27.650805,KANSL2,
677793,677793,27.651411,SNORA2A,
100506125,100506125,27.651289,ADCY6-DT,
105369755,105369755,27.651474,LOC105369755,
7471,7471,26.859749,WNT1,
8085,8085,26.85718,KMT2D,
121268,121268,27.650675,RHEBL1,
101927267,101927267,27.650805,TROAP-AS1,
5630,5630,26.85963,PRPH,
10024,10024,27.651289,TROAP,
79962,79962,27.651474,DNAJC22,
65244,65244,26.859749,SPATS2,
91010,91010,26.85718,FMNL3,
100286844,100286844,27.650675,BCDIN3D-AS1,
23017,23017,27.650805,FAIM2,
101927318,101927318,27.651411,AQP5-AS1,
362,362,26.859509,AQP5,
29127,29127,26.859694,RACGAP1,
2819,2819,26.859749,GPD1,
113251,113251,26.85718,LARP4,
57609,57609,27.650675,DIP2B,
51411,51411,26.85718,BIN2,
105369767,105369767,27.650805,LOC105369767,
3164,3164,26.85963,NR4A1,
113523638,113523638,27.651289,SMIM41,
26628,26628,8.9198475,OR7E47P,
112268096,112268096,27.64896,SMIM41-AS1,
105369771,,,,True
3855,3855,26.858898,KRT7,
109729127,109729127,27.651474,KRT7-AS,
85349,85349,8.91981,KRT87P,
3887,3887,27.650805,KRT81,
3889,3889,27.651289,KRT83,
3854,3854,27.651525,KRT6B,
286887,286887,27.64896,KRT6C,
3853,3853,26.859694,KRT6A,
3852,3852,26.858898,KRT5,
121391,121391,27.651411,KRT74,
140807,140807,27.651525,KRT72,
319101,319101,27.64896,KRT73,
100127967,100127967,27.651474,KRT73-AS1,
3849,3849,27.651411,KRT2,
23371,23371,27.650675,TNS2,
3489,3489,26.337978,IGFBP6,
3695,3695,26.85718,ITGB7,
9700,9700,26.859749,ESPL1,
112268097,112268097,27.651474,MYG1-AS1,
8620,8620,26.859509,NPFF,
100652999,100652999,27.650805,ATF7-AS1,
107984525,,,,True
3229,3229,27.651289,HOXC13,
105369775,105369775,27.64896,LOC105369775,
3228,3228,27.651411,HOXC12,
100124700,100124700,26.859024,HOTAIR,
3227,3227,26.858898,HOXC11,
100874365,100874365,27.651289,HOXC-AS3,
3226,3226,26.859509,HOXC10,
100874363,100874363,27.651289,HOXC-AS1,
3225,3225,26.859749,HOXC9,
3224,3224,26.859694,HOXC8,
3222,3222,27.651411,HOXC5,
400043,400043,27.651474,LINC02381,
112935960,112935960,27.651411,SCAT2,
102724050,102724050,27.650805,GPR84-AS1,
53831,53831,26.859749,GPR84,
121355,121355,27.651474,GTSF1,
3071,3071,26.85963,NCKAP1L,
5502,5502,26.85718,PPP1R1A,
118430,118430,27.651474,MUCL1,
9840,9840,26.859024,TESPA1,
107984515,107984515,26.85718,TESPA1-AS1,
196410,196410,26.859749,TMT1B,
3679,3679,26.337494,ITGA7,
5959,5959,26.85963,RDH5,
1606,1606,26.859694,DGKA,
6490,6490,26.85718,PMEL,
64375,64375,27.650805,IKZF4,
105369781,105369781,27.651289,LOC105369781,
105369780,,,,True
105369782,105369782,27.651289,LOC105369782,
140465,140465,26.859509,MYL6B,
51561,51561,26.859509,IL23A,
6773,6773,26.337978,STAT2,
8914,8914,26.859509,TIMELESS,
26789,26789,27.64896,SNORD59A,
5557,5557,26.859694,PRIM1,
8630,8630,26.859694,HSD17B6,
8608,8608,26.859749,RDH16,
23306,23306,27.651411,NEMP1,
83729,83729,26.85963,INHBE,
64333,64333,26.85718,ARHGAP9,
196403,196403,26.859024,DTX3,
115557,115557,26.859024,ARHGEF25,
65012,65012,8.919573,SLC26A10P,
2583,2583,26.338215,B4GALNT1,
116986,116986,26.85718,AGAP2,
1594,1594,26.338165,CYP27B1,
283387,283387,26.858898,LINC03235,
121227,121227,26.859749,LRIG3,
9958,9958,26.858898,USP15,
102465133,102465133,27.64896,MIR6125,
406891,406891,27.650805,MIRLET7I,
283417,283417,27.650675,DPY19L2,
113218505,113218505,27.651411,MIR10527,
144577,144577,26.85718,KICS2,
115749,115749,27.651411,C12orf56,
11260,11260,26.85963,XPOT,
29110,29110,26.85963,TBK1,
23329,23329,27.650805,TBC1D30,
400046,400046,27.651411,LINC02389,
11197,11197,26.859694,WIF1,
253827,253827,26.859694,MSRB3,
100507065,100507065,27.650805,MSRB3-AS1,
100129940,100129940,27.651525,HMGA2-AS1,
102465249,102465249,27.650675,MIR6502,
92797,92797,26.858898,HELB,
55832,55832,26.859694,CAND1,
105369812,105369812,27.651525,LOC105369812,
8445,8445,26.85718,DYRK2,
105369816,105369816,27.650805,LOC105369816,
101927901,101927901,27.651474,LINC02421,
107984526,,,,True
100885789,100885789,27.651525,IFNG-AS1,
3458,3458,26.85963,IFNG,
105369818,105369818,27.651411,LOC105369818,
55801,55801,26.85718,IL26,
56890,56890,26.337366,SAXO6,
105369819,105369819,27.64896,LOC105369819,
100507195,100507195,27.651289,LINC02384,
5908,5908,26.337494,RAP1B,
100507250,100507250,27.651289,LOC100507250,
57122,57122,26.859509,NUP107,
100130075,100130075,8.919771,SZRD1P1,
4193,4193,26.338215,MDM2,
4069,4069,26.859749,LYZ,
10818,10818,26.859749,FRS2,
10576,10576,26.859749,CCT2,
27345,27345,26.859749,KCNMB4,
105369827,,,,True
105369828,105369828,27.64896,PTPRB-AS1,
7103,7103,27.64896,TSPAN8,
196441,196441,27.650805,ZFC3H1,
55266,55266,27.64896,TMEM19,
29953,29953,27.651474,TRHDE,
283392,283392,27.651474,TRHDE-AS1,
552889,552889,27.650805,ATXN7L3B,
22822,22822,27.650805,PHLDA1,
105369848,105369848,27.650805,LNCOG,
79738,79738,26.859509,BBS10,
1466,1466,27.64896,CSRP2,
144455,144455,26.85718,E2F7,
89795,89795,27.650675,NAV3,
6857,6857,26.858898,SYT1,
79611,79611,26.859694,ACSS3,
84125,84125,27.651289,LRRIQ1,
105369876,105369876,27.651411,LINC02820,
400058,400058,8.919573,MKRN9P,
105369885,105369885,27.650675,LOC105369885,
1848,1848,26.859509,DUSP6,
1833,1833,26.859694,EPYC,
1634,1634,26.337494,DCN,
105369901,105369901,27.64896,LOC105369901,
256021,256021,27.651289,LINC01619,
101928617,101928617,27.651411,BTG1-DT,
107984023,,,,True
100507616,100507616,27.650805,LINC02397,
105369904,105369904,27.651411,LOC105369904,
105369905,105369905,27.651289,LOC105369905,
440107,440107,27.651411,PLEKHG7,
105369906,105369906,27.650805,LINC02413,
7334,7334,26.859694,UBE2N,
8835,8835,26.85963,SOCS2,
144486,144486,27.651411,CEP83-DT,
102465834,102465834,27.650805,MIR7844,
55785,55785,27.650805,FGD6,
442903,442903,27.651474,MIR331,
59277,59277,26.338165,NTN4,
107984546,,,,True
5128,5128,26.858898,CDK17,
144535,144535,27.650675,CFAP54,
121441,121441,27.650675,NEDD1,
100128191,100128191,27.64896,TMPO-AS1,
7112,7112,26.85718,TMPO,
23074,23074,27.651525,BLTP3B,
55681,55681,26.859509,SCYL2,
283431,283431,27.651525,GAS2L3,
27340,27340,26.859509,UTP20,
4604,4604,26.85718,MYBPC1,
105369937,105369937,27.64896,LOC105369937,
50511,50511,26.859749,SYCP3,
55010,55010,27.651411,PARPBP,
5367,5367,26.859694,PMCH,
5053,5053,26.859509,PAH,
429,429,26.859749,ASCL1,
374470,374470,27.64896,C12orf42,
100500842,100500842,27.650805,MIR3652,
6996,6996,26.85963,TDG,
83468,83468,26.338165,GLT8D2,
29915,29915,26.337978,HCFC2,
7296,7296,26.859694,TXNRD1,
50515,50515,26.338215,CHST11,
112268100,,,,True
23325,23325,26.859749,WASHC4,
105369953,,,,True
255394,255394,26.858898,TCP11L2,
100287944,100287944,27.651411,RFX4-AS1,
105369961,105369961,27.651411,LOC105369961,
101929162,101929162,27.651474,PRDM4-AS1,
9671,9671,27.651289,WSCD2,
1240,1240,26.85718,CMKLR1,
6404,6404,26.859694,SELPLG,
100616240,100616240,27.650805,MIR4496,
100131733,100131733,27.650675,USP30-AS1,
32,32,26.858898,ACACB,
105369974,105369974,27.651411,LOC105369974,
283446,283446,26.859694,MYO1H,
84983,84983,27.64896,FAM222A-AS1,
84329,84329,27.64896,HVCN1,
144717,144717,26.85718,PHETA1,
105369984,105369984,27.64896,LINC02356,
217,217,26.335646,ALDH2,
80018,80018,27.64896,NAA25,
10906,10906,27.64896,TRAFD1,
5781,5781,26.85718,PTPN11,
4938,4938,26.85718,OAS1,
4940,4940,26.858898,OAS3,
4939,4939,26.858898,OAS2,
8437,8437,26.337494,RASAL1,
10993,10993,26.859024,SDS,
6926,6926,26.859509,TBX3,
105370000,105370000,27.650805,TBX3-AS1,
100287569,100287569,27.651289,LINC00173,
84900,84900,27.651289,RNFT2,
54997,54997,27.650805,TESC,
4842,4842,26.859749,NOS1,
283455,283455,26.859694,KSR2,
51347,51347,26.338097,TAOK3,
26353,26353,26.859749,HSPB8,
11113,11113,26.859024,CIT,
100302274,100302274,27.651411,MIR1178,
92558,92558,27.651474,BICDL1,
23409,23409,26.859694,SIRT4,
26834,26834,27.650805,RNU4-2,
4440,4440,26.858898,MSI1,
9478,9478,26.859509,CABP1,
100616329,100616329,27.651411,MIR4700,
8638,8638,26.859749,OASL,
5027,5027,26.859749,P2RX7,
102465665,102465665,27.650805,MIR7107,
54509,54509,26.338215,RHOF,
107984442,,,,True
3242,3242,26.85963,HPD,
254050,254050,27.651411,LRRC43,
101593348,101593348,27.650675,LOC101593348,
65082,65082,26.85963,VPS33A,
100507066,100507066,27.650675,CLIP1-AS1,
9735,9735,27.651525,KNTC1,
338442,338442,26.85718,HCAR2,
27198,27198,26.859509,HCAR1,
8562,8562,26.338165,DENR,
10198,10198,27.651474,MPHOSPH9,
102466877,102466877,27.651525,MIR8072,
101927415,101927415,27.650805,TMED2-DT,
109616977,109616977,27.650675,SNORA9B,
2967,2967,26.859694,GTF2H3,
196385,196385,26.859694,DNAH10,
144347,144347,27.651411,RFLNA,
105370047,105370047,27.651411,LOC105370047,
100189347,100189347,27.651289,TRD-GTC2-10,
100189339,100189339,27.64896,TRA-TGC4-1,
140707,140707,27.651525,BRI3BP,
102659353,102659353,27.650675,THRIL,
65985,65985,26.337494,AACS,
400084,400084,27.651525,LINC00939,
101927531,101927531,27.650805,LOC101927531,
387895,387895,27.64896,LINC00944,
100507206,100507206,27.650805,LINC00943,
92293,92293,27.650675,TMEM132C,
440119,440119,27.650675,FZD10-AS1,
11211,11211,26.85963,FZD10,
283383,283383,27.651411,ADGRD1,
100130238,100130238,27.651411,GALNT9-AS1,
55743,55743,26.85963,CHFR,
26080,26080,27.651289,FAM230C,
284232,284232,8.919771,ANKRD20A9P,
7278,7278,26.85718,TUBA3C,
101928697,101928697,27.650805,TUBA3C-DT,
2700,2700,26.859749,GJA3,
2706,2706,26.85718,GJB2,
53342,53342,27.651289,IL17D,
221143,221143,26.858898,EEF1AKMT1,
221150,221150,27.651474,SKA3,
105370105,105370105,27.64896,LOC105370105,
100652865,100652865,27.64896,LINC00539,
2254,2254,26.859024,FGF9,
105370108,105370108,27.651525,LOC105370108,
100506622,100506622,27.650675,LINC00540,
6445,6445,26.859749,SGCG,
107984585,107984585,27.651525,LOC107984585,
100506697,100506697,27.651474,LINC00327,
55504,55504,27.651474,TNFRSF19,
542767,542767,27.650805,PCOTH,
387911,387911,26.858898,C1QTNF9B,
221178,221178,26.859749,SPATA13,
338872,338872,26.859694,C1QTNF9,
56163,56163,27.651289,RNF17,
646405,646405,8.919615,TPTE2P1,
51761,51761,26.335646,ATP8A2,
387914,387914,27.651289,SHISA2,
10810,10810,26.858898,WASF3,
2835,2835,27.650805,GPR12,
105370124,105370124,27.651289,LOC105370124,
6144,6144,26.335646,RPL21,
387496,387496,27.650675,RASL11A,
23281,23281,26.859024,MTUS2,
105370141,105370141,27.651289,LINC00385,
100188949,100188949,27.651289,LINC00426,
103724387,103724387,27.650675,LINC01058,
171222,171222,26.338215,UBE2L5,
107984577,107984577,27.651525,LOC107984577,
84935,84935,27.651411,MEDAG,
675,675,26.338165,BRCA2,
90627,90627,27.64896,STARD13,
105370158,105370158,27.650675,LINC02343,
4081,4081,27.650805,MAB21L1,
100507114,100507114,27.651411,LINC00445,
9201,9201,26.859024,DCLK1,
105370163,105370163,27.650805,LOC105370163,
100526761,100526761,27.650805,CCDC169-SOHLH2,
8900,8900,26.337494,CCNA1,
103695431,103695431,27.651474,LINC01048,
10631,10631,26.338165,POSTN,
341640,341640,27.651411,FREM2,
10186,10186,27.64896,LHFPL6,
105370170,105370170,27.651289,LOC105370170,
105370174,105370174,27.651474,LOC105370174,
105370177,105370177,27.651411,LINC02341,
8600,8600,26.85963,TNFSF11,
144809,144809,27.651289,FAM216B,
94240,94240,26.858898,EPSTI1,
105370178,105370178,27.651525,LOC105370178,
121838,121838,27.64896,NRAD1,
101929212,101929212,27.651474,SMIM2-AS1,
79024,79024,27.651289,SMIM2,
387923,387923,27.651474,SERP2,
400128,400128,27.651474,TUSC8,
8848,8848,27.651474,TSC22D1,
100190939,100190939,27.651474,TPT1-AS1,
283514,283514,27.651411,SIAH3,
100509894,100509894,27.64896,CPB2-AS1,
3936,3936,26.85718,LCP1,
105370194,105370194,27.650675,LOC105370194,
100861554,100861554,27.651525,LINC00563,
80183,80183,26.859749,RUBCNL,
101929344,101929344,27.650675,LINC01198,
112268117,112268117,8.919573,LOC112268117,
57105,57105,26.858898,CYSLTR2,
115761,115761,27.651525,ARL11,
84650,84650,27.650675,EBPL,
8847,8847,27.651525,DLEU2,
10301,10301,27.650805,DLEU1,
220107,220107,27.651289,DLEU7,
107984567,,,,True
100874074,100874074,27.650675,DLEU7-AS1,
220108,220108,27.651411,FAM124A,
79758,79758,27.651289,DHRS12,
283521,283521,27.651289,TMEM272,
341676,341676,27.651289,NEK5,
101929657,101929657,27.651411,LOC101929657,
55901,55901,27.651289,THSD1,
26586,26586,27.651289,CKAP2,
10562,10562,27.64896,OLFM4,
81624,81624,26.859749,DIAPH3,
112267897,112267897,27.64896,LOC112267897,
144766,144766,27.651474,LINC00355,
1602,1602,27.651411,DACH1,
688,688,26.85718,KLF5,
105370256,105370256,27.651474,LOC105370256,
11278,11278,27.651525,KLF12,
100507612,100507612,27.651474,LINC00402,
105370259,105370259,27.650805,LOC105370259,
170622,170622,26.85963,COMMD6,
101927155,101927155,27.651474,LMO7-AS1,
729420,729420,27.64896,LMO7DN,
104326189,104326189,27.651525,LMO7DN-IT1,
23077,23077,27.650805,MYCBP2,
100874212,100874212,27.650675,MYCBP2-AS1,
100874222,100874222,27.651411,OBI1-AS1,
10253,10253,26.859694,SPRY2,
103724386,103724386,27.64896,LINC00377,
100861546,100861546,27.651525,LINC00564,
407975,407975,27.651525,MIR17HG,
10257,10257,26.337494,ABCC4,
9071,9071,26.858898,CLDN10,
27199,27199,27.651289,OXGR1,
10160,10160,26.85963,FARP1,
100861541,100861541,27.651474,DOCK9-DT,
2841,2841,26.85963,GPR18,
1880,1880,26.85718,GPR183,
102725509,102725509,27.650805,LINC01232,
259232,259232,26.858898,NALCN,
107984616,,,,True
107984615,107984615,27.651474,LOC107984615,
283481,283481,27.650675,FGF14-AS2,
196541,196541,27.651411,METTL21C,
112268109,,,,True
1948,1948,26.85963,EFNB2,
10673,10673,26.859749,TNFSF13B,
23026,23026,27.651411,MYO16,
101927627,101927627,27.651525,LOC101927627,
8660,8660,26.858898,IRS2,
283487,283487,27.650675,PRECSIT,
121793,121793,27.650675,TEX29,
107984555,107984555,27.650675,LOC107984555,
107984591,107984591,27.650675,LOC107984591,
2159,2159,26.858898,F10,
3916,3916,26.859509,LAMP1,
79774,79774,27.651289,GRTP1,
101928841,,,,True
113622,113622,27.650675,ADPRHL1,
2621,2621,26.337366,GAS6,
100506394,100506394,27.650675,GAS6-DT,
101929355,101929355,27.651474,CFAP97D2,
100847035,100847035,27.650805,MIR548AR,
503638,503638,8.919771,DUXAP9,
414763,414763,8.91983,BMS1P18,
114004396,114004396,27.651525,LNCRNA-ATB,
503639,503639,8.91983,DUXAP10,
101101776,101101776,8.919615,BMS1P17,
107984705,,,,True
283,283,26.338215,ANG,
6038,6038,27.651525,RNASE4,
6035,6035,27.651525,RNASE1,
29986,29986,26.85718,SLC39A2,
57447,57447,27.651411,NDRG2,
122664,122664,27.651411,TPPP2,
84659,84659,27.64896,RNASE7,
105370398,105370398,27.64896,LOC105370398,
55701,55701,27.64896,ARHGEF40,
51222,51222,27.650805,ZNF219,
6297,6297,26.859024,SALL2,
28693,28693,27.651289,TRAV1-1,
28692,28692,27.651289,TRAV1-2,
107984650,,,,True
28691,28691,27.651474,TRAV2,
28690,28690,27.651525,TRAV3,
28689,28689,27.651525,TRAV4,
28688,28688,27.651525,TRAV5,
6956,6956,27.651411,TRAV6,
28685,28685,27.650805,TRAV8-1,
28676,28676,27.651411,TRAV10,
28674,28674,27.651289,TRAV12-1,
28684,28684,27.650675,TRAV8-2,
28683,28683,27.650675,TRAV8-3,
28671,28671,27.651411,TRAV13-1,
28673,28673,27.650805,TRAV12-2,
28682,28682,27.650805,TRAV8-4,
28670,28670,27.650805,TRAV13-2,
28669,28669,27.64896,TRAV14DV4,
28677,28677,27.64896,TRAV9-2,
28672,28672,27.651289,TRAV12-3,
28680,28680,27.64896,TRAV8-6,
28667,28667,27.651289,TRAV16,
28666,28666,27.64896,TRAV17,
28665,28665,27.64896,TRAV18,
28664,28664,27.651411,TRAV19,
28663,28663,27.651411,TRAV20,
28662,28662,27.651411,TRAV21,
28661,28661,27.651411,TRAV22,
28660,28660,27.650675,TRAV23DV6,
28518,28518,27.650675,TRDV1,
28659,28659,27.650675,TRAV24,
28658,28658,27.650805,TRAV25,
28657,28657,27.650805,TRAV26-1,
28655,28655,27.64896,TRAV27,
28653,28653,27.651474,TRAV29DV5,
28652,28652,27.651474,TRAV30,
28656,28656,27.651474,TRAV26-2,
28648,28648,27.651289,TRAV34,
28647,28647,27.651289,TRAV35,
28646,28646,27.651289,TRAV36DV7,
28644,28644,27.64896,TRAV38-1,
28643,28643,27.651474,TRAV38-2DV8,
28642,28642,27.651289,TRAV39,
28640,28640,27.651289,TRAV41,
28517,28517,27.651289,TRDV2,
28522,28522,27.651525,TRDJ1,
28521,28521,27.64896,TRDJ2,
28526,28526,27.64896,TRDC,
112267867,,,,True
28516,28516,27.650805,TRDV3,
28706,28706,27.651289,TRAJ49,
28707,28707,27.650805,TRAJ48,
28710,28710,27.651525,TRAJ45,
28711,28711,27.651525,TRAJ44,
28717,28717,27.651289,TRAJ38,
28718,28718,27.650675,TRAJ37,
28720,28720,27.650675,TRAJ35,
28721,28721,27.650805,TRAJ34,
28722,28722,27.650805,TRAJ33,
28723,28723,27.650805,TRAJ32,
28727,28727,27.651474,TRAJ28,
28728,28728,27.650675,TRAJ27,
28729,28729,27.651474,TRAJ26,
28732,28732,27.651474,TRAJ23,
28737,28737,27.651411,TRAJ18,
28738,28738,27.651411,TRAJ17,
28739,28739,27.650805,TRAJ16,
28742,28742,27.651474,TRAJ13,
28743,28743,27.64896,TRAJ12,
28745,28745,27.64896,TRAJ10,
28746,28746,27.651289,TRAJ9,
28749,28749,27.651525,TRAJ6,
28750,28750,27.651525,TRAJ5,
28751,28751,27.650675,TRAJ4,
28752,28752,27.651525,TRAJ3,
28753,28753,27.650805,TRAJ2,
28754,28754,27.650805,TRAJ1,
28755,28755,26.858898,TRAC,
9056,9056,26.859749,SLC7A7,
84962,84962,26.859509,AJUBA,
23428,23428,26.859024,SLC7A8,
100529063,100529063,27.651411,BCL2L2-PABPN1,
8106,8106,25.947956,PABPN1,
51310,51310,27.651411,SLC22A17,
10278,10278,27.651411,EFS,
116173,116173,26.858898,CMTM5,
4624,4624,26.337366,MYH6,
84502,84502,27.651525,JPH4,
10202,10202,27.651289,DHRS2,
105370408,105370408,27.651525,LOC105370408,
10901,10901,26.859749,DHRS4,
317749,317749,27.651525,DHRS4L2,
10379,10379,26.859509,IRF9,
7051,7051,26.85718,TGM1,
115817,115817,27.64896,DHRS1,
56413,56413,26.85718,LTB4R2,
196883,196883,26.858898,ADCY4,
11035,11035,26.859024,RIPK3,
4776,4776,26.859024,NFATC4,
1215,1215,26.338097,CMA1,
2999,2999,26.859509,GZMH,
3002,3002,26.337978,GZMB,
107984667,,,,True
105370413,105370413,27.651411,GZMH-AS1,
29091,29091,27.650675,STXBP6,
107984700,107984700,27.650675,LINC02306,
4857,4857,27.651411,NOVA1,
107984684,107984684,27.651474,LOC107984684,
5587,5587,26.338165,PRKD1,
1690,1690,26.338165,COCH,
100506071,100506071,27.651474,COCH-AS1,
105370438,105370438,27.64896,LOC105370438,
84837,84837,27.651474,ARHGAP5-AS1,
64067,64067,27.651474,NPAS3,
112399,112399,26.85718,EGLN3,
112268123,112268123,27.64896,LOC112268123,
26257,26257,27.651525,NKX2-8,
105370455,105370455,27.651411,LOC105370455,
5083,5083,27.650805,PAX9,
89874,89874,26.859024,SLC25A21,
100129794,100129794,27.651289,SLC25A21-AS1,
319089,319089,27.64896,TTC6,
400208,400208,27.651411,LINC00517,
161198,161198,27.651289,CLEC14A,
105370458,105370458,27.651289,SEC23A-AS1,
145581,145581,27.650805,LRFN5,
54813,54813,27.651289,KLHL28,
55320,55320,26.337366,MIS18BP1,
161357,161357,26.858898,MDGA2,
100506433,100506433,27.64896,LINC00648,
283551,283551,27.64896,LINC01588,
105370485,105370485,27.651411,LOC105370485,
196913,196913,27.650675,LINC01599,
60485,60485,26.337494,SAV1,
51199,51199,27.64896,NIN,
105370489,105370489,27.651411,LOC105370489,
145447,145447,27.650675,ABHD12B,
5836,5836,26.859694,PYGL,
400212,400212,27.651474,LOC400212,
114088,114088,27.651525,TRIM9,
283553,283553,27.651411,LINC00640,
105378180,105378180,27.651411,LOC105378180,
5729,5729,26.85963,PTGDR,
80821,80821,27.651411,DDHD1,
105370503,105370503,27.651474,LINC02331,
652,652,26.859694,BMP4,
1033,1033,27.651411,CDKN3,
112268133,112268133,27.651411,LOC112268133,
2643,2643,26.85963,GCH1,
11169,11169,27.650805,WDHD1,
3958,3958,25.947956,LGALS3,
9787,9787,26.337494,DLGAP5,
57161,57161,26.859509,PELI2,
105370515,,,,True
55451,55451,27.650675,LINC00216,
105370522,105370522,27.650675,TOMM20L-DT,
105370524,105370524,27.650675,PCNX4-DT,
6495,6495,26.858898,SIX1,
113218481,113218481,27.64896,MIR9718,
51804,51804,27.651525,SIX4,
101927756,101927756,27.64896,LOC101927756,
5583,5583,26.338215,PRKCH,
105370525,105370525,27.651289,PRKCH-AS2,
100750246,100750246,27.64896,HIF1A-AS1,
3091,3091,26.859749,HIF1A,
57381,57381,26.859749,RHOJ,
112268140,112268140,27.651289,LOC112268140,
81537,81537,26.859509,SGPP1,
2100,2100,26.85718,ESR2,
9495,9495,26.85718,AKAP5,
102723809,102723809,27.651525,HSPA2-AS1,
26030,26030,27.651289,PLEKHG3,
2877,2877,26.859509,GPX2,
107984655,107984655,27.651525,LOC107984655,
105370537,,,,True
440184,440184,27.651289,CCDC196,
161145,161145,27.651289,TMEM229B,
5890,5890,26.338215,RAD51B,
100996664,100996664,27.650675,LOC100996664,
107984709,107984709,27.650805,LOC107984709,
87,87,26.85718,ACTN1,
57452,57452,26.858898,GALNT16,
64093,64093,26.85718,SMOC1,
101928075,101928075,27.650675,TTC9-DT,
105370557,105370557,27.650675,LOC105370557,
107984654,107984654,27.651411,LOC107984654,
102724015,102724015,27.651411,SIPA1L1-AS1,
9628,9628,26.859694,RGS6,
8110,8110,26.85963,DPF3,
100189359,100189359,27.651411,TRC-GCA8-1,
105370560,105370560,27.651411,RBM25-AS1,
641371,641371,26.85963,ACOT1,
100506476,100506476,27.651474,MIDEAS-AS1,
80127,80127,27.650805,BBOF1,
5228,5228,26.337494,PGF,
107984690,107984690,27.650675,LOC107984690,
2353,2353,26.859694,FOS,
122953,122953,27.651474,JDP2,
105370572,105370572,27.651525,LOC105370572,
102724153,102724153,27.64896,FLVCR2-AS1,
55640,55640,27.651525,FLVCR2,
112752,112752,26.859749,IFT43,
2103,2103,26.858898,ESRRB,
105370576,105370576,27.650675,LOC105370576,
29954,29954,26.85718,POMT2,
2954,2954,26.858898,GSTZ1,
283579,283579,27.650675,SLIRP-OT1,
9369,9369,26.85718,NRXN3,
145508,145508,27.650805,CEP128,
7253,7253,26.858898,TSHR,
100506700,100506700,27.650805,LINC02308,
101928767,101928767,27.651289,LINC02328,
102724380,102724380,27.650675,LINC02316,
8477,8477,26.858898,GPR65,
107984669,,,,True
55812,55812,27.651289,SPATA7,
11099,11099,27.651289,PTPN21,
105370615,105370615,27.650805,LOC105370615,
400236,400236,27.651474,FOXN3-AS1,
8111,8111,26.85718,GPR68,
105370624,105370624,27.651525,LOC105370624,
79820,79820,26.859749,CATSPERB,
10516,10516,25.948679,FBLN5,
53981,53981,26.859509,CPSF2,
5641,5641,26.859694,LGMN,
1113,1113,26.859694,CHGA,
145270,145270,27.650805,PRIMA1,
51676,51676,27.650805,ASB2,
866,866,27.651411,SERPINA6,
256394,256394,27.651474,SERPINA11,
327657,327657,27.651474,SERPINA9,
12,12,26.85963,SERPINA3,
145258,145258,26.859509,GSC,
108868751,108868751,27.651289,GSC-DT,
400242,400242,27.651289,DICER1-AS1,
101929080,101929080,27.651411,LINC02292,
105370638,105370638,27.651474,LOC105370638,
677768,677768,27.651474,SCARNA13,
51218,51218,26.85718,GLRX5,
27004,27004,27.64896,TCL6,
9623,9623,27.650675,TCL1B,
8115,8115,27.650805,TCL1A,
107984703,107984703,27.651411,LOC107984703,
624,624,26.85718,BDKRB2,
101929241,101929241,27.651289,LINC02325,
105370651,105370651,27.651289,LOC105370651,
100132612,100132612,27.650675,LINC02312,
388011,388011,27.651525,LINC01550,
107984706,107984706,27.64896,LOC107984706,
105370652,105370652,27.651411,LINC02295,
107987207,107987207,27.650805,LOC107987207,
64919,64919,26.858898,BCL11B,
105370660,105370660,27.650675,LOC105370660,
10858,10858,26.338215,CYP46A1,
102724682,102724682,27.651525,LOC102724682,
123096,123096,26.85718,SLC25A29,
7453,7453,26.85963,WARS1,
57596,57596,27.651289,BEGAIN,
8788,8788,26.859509,DLK1,
55384,55384,26.337494,MEG3,
388015,388015,27.651525,RTL1,
79104,79104,27.651411,MEG8,
767579,767579,27.64896,SNORD114-3,
100507257,100507257,27.651411,MEG9,
105370672,105370672,27.650675,LINC03117,
64150,64150,27.650805,DIO3OS,
1735,1735,26.859024,DIO3,
107984698,,,,True
105370676,105370676,27.651525,LINC02320,
145200,145200,27.64896,LINC00239,
5891,5891,27.64896,MOK,
122416,122416,27.650805,ANKRD9,
81693,81693,27.650805,AMN,
91828,91828,26.859509,EXOC3L4,
1152,1152,26.859509,CKB,
84334,84334,27.650675,COA8,
79038,79038,27.651525,ZFYVE21,
145195,145195,27.651474,LINC02691,
400258,400258,27.651474,C14orf180,
101929634,101929634,27.651474,LINC02280,
122622,122622,26.859694,ADSS1,
107984670,107984670,27.651474,LOC107984670,
102723342,102723342,27.651411,LOC102723342,
113146,113146,26.85963,AHNAK2,
122616,122616,27.650675,CLBA1,
29933,29933,26.858898,GPR132,
102723354,102723354,27.650805,LINC02298,
3714,3714,26.859509,JAG2,
90135,90135,27.651289,BTBD6,
3494,3494,27.651289,IGHA2,
3497,3497,26.338097,IGHE,
102465871,102465871,27.651411,MIR8071-1,
3503,3503,27.651411,IGHG4,
102466889,102466889,27.651411,MIR8071-2,
3501,3501,27.651289,IGHG2,
112268138,,,,True
105378187,,,,True
3505,3505,27.651474,IGHGP,
2003,2003,8.9198475,ELK2AP,
107987211,,,,True
3500,3500,27.650805,IGHG1,
105378184,105378184,27.651525,LOC105378184,
3502,3502,27.64896,IGHG3,
3495,3495,27.64896,IGHD,
3507,3507,27.651525,IGHM,
100616374,100616374,27.651411,MIR4539,
100616135,100616135,27.651525,MIR4507,
100616276,100616276,27.651411,MIR4538,
100616422,100616422,27.650675,MIR4537,
28475,28475,27.651525,IGHJ6,
28478,28478,8.9198475,IGHJ3P,
28476,28476,27.650675,IGHJ5,
28477,28477,27.64896,IGHJ4,
28479,28479,27.64896,IGHJ3,
28480,28480,8.91902,IGHJ2P,
28481,28481,27.650675,IGHJ2,
28483,28483,27.650675,IGHJ1,
28485,28485,27.651411,IGHD6-25,
28497,28497,27.651474,IGHD3-22,
28494,28494,27.651474,IGHD4-17,
28498,28498,27.650805,IGHD3-16,
28499,28499,27.650805,IGHD3-10,
28500,28500,27.650805,IGHD3-9,
28501,28501,27.651474,IGHD3-3,
28505,28505,27.651289,IGHD2-2,
9834,9834,27.651474,FAM30A,
28510,28510,27.651474,IGHD1-1,
28385,28385,27.651474,IGHV6-1,
28474,28474,27.651411,IGHV1-2,
28473,28473,27.651289,IGHV1-3,
107984634,107984634,27.651525,LOC107984634,
28401,28401,27.64896,IGHV4-4,
57289,57289,27.651525,IGHV7-4-1,
28457,28457,27.651525,IGHV2-5,
28452,28452,27.651525,IGHV3-7,
102723170,102723170,27.651289,IGHV3-64D,
28386,28386,27.651411,IGHV5-10-1,
28450,28450,27.650675,IGHV3-11,
28449,28449,27.64896,IGHV3-13,
28448,28448,27.64896,IGHV3-15,
28447,28447,27.651289,IGHV3-16,
28469,28469,8.91981,IGHV1-17,
28468,28468,27.650805,IGHV1-18,
28445,28445,27.650675,IGHV3-20,
28444,28444,27.650675,IGHV3-21,
28443,28443,8.919771,IGHV3-22,
28442,28442,27.651411,IGHV3-23,
28467,28467,27.650805,IGHV1-24,
28455,28455,27.651525,IGHV2-26,
28373,28373,8.9198475,IGHVII-26-2,
28383,28383,8.91902,IGHV7-27,
28400,28400,27.651289,IGHV4-28,
28439,28439,27.651289,IGHV3-30,
28398,28398,27.651411,IGHV4-30-2,
28434,28434,27.650805,IGHV3-33,
28395,28395,27.650805,IGHV4-34,
28432,28432,27.650805,IGHV3-35,
28431,28431,8.91981,IGHV3-36,
28429,28429,27.651411,IGHV3-38,
28394,28394,27.651411,IGHV4-39,
28428,28428,8.919573,IGHV3-41,
28426,28426,27.650675,IGHV3-43,
28466,28466,27.64896,IGHV1-45,
28465,28465,27.64896,IGHV1-46,
28425,28425,8.91983,IGHV3-47,
28424,28424,27.651525,IGHV3-48,
28423,28423,27.651289,IGHV3-49,
28388,28388,27.64896,IGHV5-51,
28421,28421,8.91981,IGHV3-52,
28420,28420,27.651289,IGHV3-53,
28393,28393,8.919615,IGHV4-55,
28380,28380,8.919771,IGHV7-56,
28464,28464,27.650805,IGHV1-58,
28392,28392,27.650805,IGHV4-59,
28391,28391,27.64896,IGHV4-61,
28416,28416,8.919615,IGHV3-62,
28415,28415,8.91983,IGHV3-63,
28414,28414,27.651474,IGHV3-64,
102724977,102724977,27.651525,LOC102724977,
28413,28413,8.91902,IGHV3-65,
28412,28412,27.651474,IGHV3-66,
28461,28461,27.650675,IGHV1-69,
102723168,102723168,27.651289,IGHV2-70D,
28402,28402,8.91983,IGHV3-69-1,
102723169,102723169,27.650675,IGHV1-69D,
28454,28454,27.651525,IGHV2-70,
28411,28411,8.9198475,IGHV3-71,
28410,28410,27.650805,IGHV3-72,
28409,28409,27.651411,IGHV3-73,
28408,28408,27.64896,IGHV3-74,
100847062,100847062,27.651411,MIR5195,
28387,28387,8.91981,IGHV5-78,
105379271,105379271,27.650675,LOC105379271,
28451,28451,27.650675,IGHV3-9,
102723407,102723407,27.64896,LOC102723407,
102724760,102724760,8.919573,LOC102724760,
107987219,,,,True
646370,646370,8.919573,IGHV1OR15-3,
102724971,102724971,27.651411,LOC102724971,
388077,388077,27.64896,IGHV1OR15-1,
107984785,,,,True
642131,642131,8.919615,LOC642131,
107983983,107983983,27.650805,LOC107983983,
101928039,101928039,27.64896,LOC101928039,
646396,646396,8.91981,REREP3,
105370721,,,,True
100132101,100132101,8.919771,HERC2P7,
283683,283683,27.651525,LOC283683,
123606,123606,26.859694,NIPA1,
7681,7681,27.651289,MKRN3,
4692,4692,26.859509,NDN,
8123,8123,27.651525,PWAR5,
3653,,,,True
4948,4948,26.85718,OCA2,
100996738,100996738,8.919771,HERC2P11,
728310,728310,27.651411,GOLGA6L7,
321,321,26.85963,APBA2,
89839,89839,26.859749,ARHGAP11B,
100288637,100288637,8.91902,LOC100288637,
22909,22909,26.859509,FAN1,
102725022,102725022,27.64896,LINC02352,
283710,283710,27.651525,LINC03034,
100288615,100288615,8.91983,WHAMMP1,
9824,9824,27.651474,ARHGAP11A,
114118903,114118903,27.651474,ARHGAP11A-SCG5,
342184,342184,27.64896,FMN1,
161779,161779,27.64896,PGBD4,
89978,89978,26.859509,DPH6,
100507466,100507466,27.651411,DPH6-DT,
4212,4212,27.651474,MEIS2,
10125,10125,26.859694,RASGRP1,
105370774,105370774,27.651474,LOC105370774,
400359,400359,27.651474,LINC02694,
105370941,105370941,27.651474,LOC105370941,
90427,90427,26.858898,BMF,
701,701,26.858898,BUB1B,
56924,56924,26.858898,PAK6,
5330,5330,26.858898,PLCB2,
388115,388115,27.651525,CCDC9B,
644844,644844,27.650675,PHGR1,
90417,90417,27.651525,KNSTRN,
57082,57082,27.651525,KNL1,
100505648,100505648,27.651411,RAD51-AS1,
5888,5888,26.337494,RAD51,
54866,54866,27.650675,PPP1R14D,
102724362,102724362,27.651289,SPINT1-AS1,
171177,171177,26.85718,RHOV,
54567,54567,26.85963,DLL4,
79094,79094,26.338215,CHAC1,
112268144,,,,True
11339,11339,27.650805,OIP5,
51203,51203,27.650805,NUSAP1,
7301,7301,26.859509,TYRO3,
105370792,105370792,27.651289,LOC105370792,
255189,255189,26.85718,PLA2G4F,
2595,2595,27.650675,GANC,
8773,8773,26.338097,SNAP23,
197131,197131,27.64896,UBR1,
1159,1159,26.85718,CKMT1B,
110006325,110006325,27.650675,PPIP5K1P1-CATSPER2,
548596,548596,26.85963,CKMT1A,
80237,80237,27.651525,ELL3,
79968,79968,26.859509,WDR76,
84978,84978,26.859509,FRMD5,
51496,51496,27.650805,CTDSPL2,
80208,80208,27.650675,SPG11,
197135,197135,26.85718,PATL2,
567,567,26.338097,B2M,
113218500,113218500,27.651525,MIR10393,
100419583,100419583,8.919615,RNF4BP,
140691,140691,27.651411,TRIM69,
50506,50506,26.338165,DUOX2,
90525,90525,27.650675,SHF,
100188988,100188988,27.650675,TRH-GTG1-8,
107987223,107987223,27.651411,COXFA4L3-AS1,
105370802,105370802,27.651525,LOC105370802,
80031,80031,26.859749,SEMA6D,
22995,22995,26.859749,CEP152,
3067,3067,26.859749,HDC,
100616396,100616396,27.651525,MIR4712,
107984741,,,,True
23431,23431,26.338215,AP4E1,
109729174,109729174,27.64896,MIR4713HG,
388121,388121,27.651474,TIPE3,
112268146,112268146,27.651474,LOC112268146,
23312,23312,26.859509,DMXL2,
29106,29106,27.651411,SCG3,
10017,10017,26.859509,BCL2L10,
105370820,105370820,27.64896,LOC105370820,
4644,4644,25.947956,MYO5A,
105370821,105370821,27.650805,LOC105370821,
105370826,105370826,27.64896,LOC105370826,
256764,256764,26.85718,WDR72,
440279,440279,26.335646,UNC13C,
105370827,105370827,27.651289,LOC105370827,
5873,5873,26.859694,RAB27A,
26108,26108,26.859694,PYGO1,
64864,64864,27.651411,RFX7,
283663,283663,27.650805,LINC00926,
100820829,100820829,27.650805,MYZAP,
8854,8854,26.337494,ALDH1A2,
664618,664618,8.919615,HSP90AB4P,
54778,54778,26.858898,RNF111,
9133,9133,26.337494,CCNB2,
27023,27023,27.650805,FOXB1,
105370846,105370846,27.650675,LOC105370846,
105370844,105370844,27.651289,RORA-AS4,
107984805,107984805,27.651289,LOC107984805,
54832,54832,27.651289,VPS13C,
101928907,101928907,27.651289,VPS13C-DT,
388125,388125,27.650805,C2CD4B,
105370854,105370854,27.650675,LOC105370854,
7168,7168,26.337366,TPM1,
51762,51762,26.859509,RAB8B,
8925,8925,26.859749,HERC1,
84191,84191,27.651525,CIAO2A,
53944,53944,26.85718,CSNK1G1,
9768,9768,26.85963,PCLAF,
348093,348093,27.651411,RBPMS2,
80119,80119,26.858898,PIF1,
123264,123264,26.858898,SLC51B,
51285,51285,27.650675,RASL12,
9543,9543,27.650675,IGDCC3,
10260,10260,27.650805,DENND4A,
105370868,105370868,27.650805,DIS3L-AS1,
595099,595099,27.64896,SNORD18B,
595098,595098,27.64896,SNORD18A,
55055,55055,27.651411,ZWILCH,
197021,197021,27.651411,LCTL,
105376718,105376718,27.64896,LOC105376718,
102723493,102723493,27.651411,SMAD3-DT,
390598,390598,27.651411,SKOR1,
8554,8554,26.85718,PIAS1,
105370871,105370871,27.651525,LOC105370871,
22801,22801,26.85718,ITGA11,
10391,10391,27.651289,CORO2B,
80035,80035,27.651525,ANP32A-IT1,
246777,246777,27.651525,SPESP1,
283673,283673,27.651525,EWSAT1,
9493,9493,26.85718,KIF23,
104472713,104472713,27.651289,PCAT29,
55323,55323,27.651289,LARP6,
196993,196993,27.651525,CT62,
107984716,107984716,27.651525,LOC107984716,
107984715,,,,True
196996,196996,26.859749,GRAMD2A,
100287559,100287559,27.650805,ADPGK-AS1,
101241892,101241892,27.650675,NPTN-IT1,
3671,3671,26.85963,ISLR,
1583,1583,26.85718,CYP11A1,
8482,8482,26.859694,SEMA7A,
10620,10620,27.651289,ARID3B,
79661,79661,26.335646,NEIL1,
693216,693216,27.650675,MIR631,
1464,1464,26.85963,CSPG4,
161753,161753,27.650805,CIMAP1C,
123591,123591,27.651525,TMEM266,
101929439,101929439,27.651474,LOC101929439,
9051,9051,26.859509,PSTPIP1,
84894,84894,26.85718,LINGO1,
645752,645752,8.91981,GOLGA6FP,
10518,10518,26.337366,CIB2,
3419,3419,26.859024,IDH3A,
105370911,105370911,27.651474,DNAJA4-DT,
105370910,105370910,27.651525,LOC105370910,
1138,1138,26.335646,CHRNA5,
5923,5923,26.85963,RASGRF1,
100129540,100129540,27.650675,LOC100129540,
23251,23251,27.650805,MINAR1,
597,597,26.859509,BCL2A1,
2184,2184,26.859694,FAH,
101929586,101929586,27.651525,ARNT2-AS3,
57214,57214,26.85718,CEMIP,
3603,3603,26.85963,IL16,
80765,80765,27.650675,STARD5,
102723985,102723985,27.650805,LOC102723985,
390660,390660,8.919771,ADAMTS7P1,
100134869,100134869,8.91983,UBE2Q2P2,
64506,64506,27.651525,CPEB1,
8120,8120,27.64896,AP3B2,
9455,9455,26.85963,HOMER2,
646,646,27.650675,BNC1,
105370935,105370935,27.650805,LOC105370935,
100505679,100505679,8.919771,UBE2Q2P16,
105370946,105370946,27.651474,LOC105370946,
100506874,100506874,27.651525,LINC00933,
4828,4828,26.85718,NMB,
4916,4916,26.85963,NTRK3,
3669,3669,26.858898,ISG20,
4240,4240,26.337494,MFGE8,
55215,55215,26.859509,FANCI,
254559,254559,27.651474,MIR9-3HG,
107984777,107984777,27.651525,LOC107984777,
90381,90381,27.64896,TICRR,
5346,5346,26.338097,PLIN1,
56964,56964,27.650675,WDR93,
55897,55897,26.85718,MESP1,
145873,145873,26.85718,MESP2,
290,290,26.85718,ANPEP,
112268163,,,,True
641,641,26.85718,BLM,
105370969,105370969,27.650805,LOC105370969,
9055,9055,26.859509,PRC1,
100507118,100507118,27.651474,PRC1-AS1,
8128,8128,26.859749,ST8SIA2,
100144604,100144604,27.64896,LINC00930,
101926994,101926994,27.64896,LOC101926994,
440311,440311,8.91902,NOP35P1,
105370994,,,,True
105369212,105369212,27.650805,LOC105369212,
105370997,105370997,27.651474,LOC105370997,
101927263,101927263,27.651525,LOC101927263,
91947,91947,27.651411,ARRDC4,
23336,23336,27.651411,SYNM,
105371018,105371018,27.651289,LINC02244,
105371017,105371017,27.650675,LOC105371017,
441733,441733,8.919615,PRKXP1,
102723335,102723335,27.651289,LOC102723335,
105369201,105369201,27.650805,GCAWKR,
220,220,26.337366,ALDH1A3,
79705,79705,26.858898,LRRK1,
102723502,102723502,27.651289,LOC102723502,
398,398,26.859509,ARHGDIG,
64714,64714,26.859509,PDIA2,
4833,4833,26.337494,NME4,
26063,26063,26.337494,DECR2,
100847028,100847028,27.650805,MIR5587,
100423037,100423037,27.651411,MIR3176,
283948,283948,27.651411,NHLRC4,
117166,117166,27.651411,WFIKKN1,
9028,9028,27.650675,RHBDL1,
10232,10232,27.650675,MSLN,
64788,64788,27.650675,LMF1,
107984898,,,,True
25823,25823,27.651289,TPSG1,
64499,64499,27.64896,TPSB2,
7177,7177,26.859749,TPSAB1,
23430,23430,27.651525,TPSD1,
8938,8938,27.64896,BAIAP3,
84572,84572,27.650805,GNPTG,
105371044,105371044,27.650805,LOC105371044,
105371045,105371045,27.651411,PERCC1,
9143,9143,26.85718,SYNGR3,
283869,283869,26.85718,NPW,
25837,25837,26.85718,RAB26,
100507303,100507303,27.651525,SNHG19,
107984839,107984839,27.651525,LOC107984839,
57465,57465,26.859749,TBC1D24,
83886,83886,27.650675,PRSS27,
10942,10942,27.650675,PRSS21,
124221,124221,8.919573,PRSS30P,
79412,79412,26.85963,KREMEN2,
107984895,,,,True
9080,9080,26.859694,CLDN9,
51330,51330,26.859509,TNFRSF12A,
54985,54985,27.650805,HCFC1R1,
146439,146439,27.650805,BICDL2,
100128770,100128770,27.651411,LOC100128770,
64386,64386,26.859749,MMP25,
9235,9235,26.859749,IL32,
7755,7755,26.859509,ZNF205,
197350,197350,8.919771,CASP16P,
100189119,100189119,27.651411,TRK-CTT3-1,
105371059,105371059,27.64896,LOC105371059,
197358,197358,26.859694,NLRC3,
101929732,101929732,27.651474,LOC101929732,
101926896,101926896,27.650675,GLIS2-AS1,
114990,114990,27.650805,VASN,
124401,124401,27.650805,ANKS3,
146562,146562,27.651289,DNAAF8,
5493,5493,26.859509,PPL,
105371064,105371064,27.651289,LOC105371064,
146556,146556,27.650675,C16orf89,
54715,54715,26.337494,RBFOX1,
105371080,,,,True
4261,4261,26.858898,CIITA,
112267907,,,,True
105371082,105371082,27.650805,LOC105371082,
105371083,105371083,27.650805,LOC105371083,
116028,116028,26.859024,RMI2,
105371084,105371084,27.64896,RSL1D1-DT,
608,608,26.85718,TNFRSF17,
255027,255027,26.85963,MPV17L,
89927,89927,27.64896,BMERB1,
102465252,102465252,27.651411,MIR6506,
4629,4629,26.337978,MYH11,
105371099,105371099,27.651289,LOC105371099,
102723692,102723692,27.651411,LOC102723692,
101059953,101059953,27.650675,NPIPA8,
23049,23049,26.85963,SMG1,
107984844,107984844,27.651411,SMG1-DT,
79905,79905,27.651411,TMC7,
79838,79838,27.651411,TMC5,
51704,51704,27.651474,GPRC5B,
124274,124274,27.651474,GPR139,
2813,2813,26.859694,GP2,
105371119,105371119,27.651474,LOC105371119,
105371120,105371120,27.651474,LOC105371120,
116285,116285,26.338165,ACSM1,
57146,57146,27.64896,LDAF1,
7783,7783,26.338165,ZP2,
100652781,100652781,8.91983,SNX29P1,
100190986,100190986,27.651289,LOC100190986,
100271836,100271836,8.919573,SMG1P3,
10261,10261,27.64896,IGSF6,
112268174,112268174,27.651411,LOC112268174,
146177,146177,26.85963,VWA3A,
105371130,105371130,8.91981,SLC68A2P,
641298,641298,8.9198475,SMG1P1,
105371131,105371131,27.651525,LOC105371131,
9956,9956,26.859509,HS3ST2,
6338,6338,26.337366,SCNN1B,
5347,5347,26.85718,PLK1,
5579,5579,25.947956,PRKCB,
115584,115584,26.337494,SLC5A11,
107984826,,,,True
9951,9951,26.85963,HS3ST4,
105371152,105371152,27.651411,LINC02195,
50615,50615,26.337366,IL21R,
283888,283888,27.64896,IL21R-AS1,
100128079,100128079,27.650675,LOC100128079,
26471,26471,27.650675,NUPR1,
100507607,100507607,27.650675,NPIPB9,
100616256,100616256,27.650675,MIR4721,
930,930,26.859509,CD19,
100616487,100616487,27.651289,MIR4517,
653390,653390,8.664358,RRN3P2,
101928215,101928215,27.651525,LOC101928215,
102723708,102723708,27.651525,LOC102723708,
105371159,105371159,27.64896,LOC105371159,
440352,440352,8.919771,SNX29P2,
606724,606724,8.91902,LOC606724,
388242,388242,8.919771,SGF29P1,
101928556,,,,True
6693,6693,26.337494,SPN,
283897,283897,27.650805,C16orf54,
440356,440356,8.919615,CDIPTOSP,
107984836,107984836,27.650805,KCTD13-DT,
8448,8448,27.651411,DOC2A,
146378,146378,27.651289,FIMP1,
83723,83723,27.651289,TLCD3B,
107984834,107984834,27.650805,CORO1A-AS1,
11151,11151,26.85963,CORO1A,
613038,613038,8.91983,SGF29P2,
1731,1731,27.651411,SEPTIN1,
51333,51333,27.651411,ZNF771,
3683,3683,26.859694,ITGAL,
9274,9274,27.651474,BCL7C,
101928736,101928736,27.651474,MIR762HG,
100313837,100313837,27.651525,MIR762,
1489,1489,26.85963,CTF1,
283932,283932,27.651474,FBXL19-AS1,
101928762,,,,True
260434,260434,27.651525,PYDC1,
3684,3684,26.338215,ITGAM,
3687,3687,26.338215,ITGAX,
3681,3681,26.859749,ITGAD,
7041,7041,26.85963,TGFB1I1,
440359,440359,8.91981,YBX3P1,
100132341,100132341,8.663607,CLUHP3,
10308,10308,26.858898,ZNF267,
100289574,100289574,8.919615,HERC2P4,
729264,729264,27.651289,TP53TG3D,
386757,386757,8.919771,SLC6A10P,
102724101,102724101,27.651289,TP53TG3E,
79801,79801,26.858898,SHCBP1,
23594,23594,26.859509,ORC6,
91807,91807,27.650675,MYLK3,
388272,388272,27.651289,HDIP1,
94160,94160,27.651289,ABCC12,
85320,85320,26.858898,ABCC11,
23090,23090,26.338165,ZNF423,
113,113,26.858898,ADCY7,
124460,124460,26.859024,SNX20,
101927272,101927272,27.651474,LOC101927272,
64127,64127,26.85718,NOD2,
102724907,102724907,27.64896,CYLD-AS1,
1540,1540,26.85963,CYLD,
6299,6299,26.85963,SALL1,
105371267,105371267,27.64896,CHD9NB,
102723373,102723373,27.650675,LOC102723373,
5934,5934,26.335646,RBL2,
105371268,105371268,27.64896,LOC105371268,
79068,79068,26.337494,FTO,
79191,79191,27.650805,IRX3,
105371275,105371275,27.650805,LOC105371275,
643911,643911,27.651474,CRNDE,
10265,10265,27.651474,IRX5,
105371277,105371277,27.650805,LOC105371277,
79190,79190,27.651474,IRX6,
107984884,107984884,27.651474,MMP2-AS1,
4313,4313,25.947956,MMP2,
6530,6530,26.859694,SLC6A2,
390732,390732,8.919573,CES1P2,
1066,1066,26.338165,CES1,
4502,4502,26.859694,MT2A,
4493,4493,26.859509,MT1E,
4499,4499,26.859509,MT1M,
4489,4489,26.859509,MT1A,
4494,4494,26.337494,MT1F,
4495,4495,26.859509,MT1G,
4501,4501,26.85963,MT1X,
105371286,105371286,27.651411,NUP93-DT,
105371287,105371287,27.651289,LOC105371287,
6559,6559,26.859509,SLC12A3,
1071,1071,26.85963,CETP,
84166,84166,26.85963,NLRC5,
51090,51090,26.85963,PLLP,
6376,6376,26.858898,CX3CL1,
221188,221188,27.650805,ADGRG5,
105371291,105371291,27.651289,LOC105371291,
107984889,107984889,27.650675,LOC107984889,
222487,222487,27.651525,ADGRG3,
374739,374739,27.651525,SPMIP8,
4324,4324,26.338165,MMP15,
23019,23019,26.859694,CNOT1,
146225,146225,26.859024,CMTM2,
123920,123920,26.85963,CMTM3,
6236,6236,26.85963,RRAD,
84752,84752,27.651411,B3GNT9,
3299,3299,27.64896,HSF4,
8996,8996,27.64896,NOL3,
653319,653319,27.650805,MATCAP1,
26231,26231,8.919573,FBXL9P,
6553,6553,27.650675,SLC9A5,
51673,51673,27.64896,TPPP3,
29800,29800,27.650675,ZDHHC1,
3291,3291,26.858898,HSD11B2,
146206,146206,26.858898,CARMIL2,
84080,84080,27.64896,ENKD1,
388284,388284,27.651289,C16orf86,
55815,55815,27.651289,TSNAXIP1,
123904,123904,27.651525,NRN1L,
3931,3931,26.338215,LCAT,
9057,9057,26.859694,SLC7A6,
84138,84138,27.651474,SLC7A6OS,
1001,1001,26.859024,CDH3,
3038,3038,26.859024,HAS3,
400541,400541,27.64896,LOC400541,
146433,146433,26.85718,IL34,
54768,54768,27.650675,HYDIN,
102723786,102723786,27.651289,LOC102723786,
794,794,26.859509,CALB2,
102723796,102723796,27.651289,TLE7,
10164,10164,26.337978,CHST4,
91862,91862,27.651474,MARVELD3,
3240,3240,27.651474,HP,
3250,3250,26.858898,HPR,
83449,83449,27.651474,PMFBP1,
101927957,101927957,27.650675,LINC01572,
55159,55159,27.651411,RFWD3,
197259,197259,26.85963,MLKL,
197257,197257,26.337366,LDHD,
100506281,100506281,27.650805,LOC100506281,
105371345,,,,True
23563,23563,26.337494,CHST5,
79583,79583,27.650805,TMEM231,
105371348,105371348,27.651474,LOC105371348,
85445,85445,27.651411,CNTNAP4,
100130958,100130958,27.650675,SYCE1L,
170692,170692,27.651525,ADAMTS18,
283927,283927,26.859024,NUDT7,
107984878,107984878,27.651525,LOC107984878,
105371356,105371356,27.651289,LOC105371356,
83657,83657,26.859749,DYNLRB2,
124359,124359,27.651474,CDYL2,
114780,114780,8.91981,PKD1L2,
5336,5336,26.858898,PLCG2,
105371363,105371363,27.650805,HSD17B2-AS1,
1012,1012,26.859024,CDH13,
29948,29948,26.859509,OSGIN1,
54550,54550,27.651474,NECAB2,
123872,123872,27.651289,DNAAF1,
161931,161931,27.651474,ADAD2,
654780,654780,27.651474,ADAD2-AS1,
9914,9914,26.85718,ATP2C2,
105371374,105371374,27.651289,ATP2C2-AS1,
23406,23406,27.651474,COTL1,
339145,339145,27.651411,CIBAR2,
197196,197196,27.651411,LINC00311,
404550,404550,26.335646,CLMB,
1327,1327,26.85963,COX4I1,
3394,3394,26.85963,IRF8,
102466732,102466732,27.651411,MIR6774,
107984811,107984811,27.651289,LINC02132,
105371388,105371388,27.651289,LOC105371388,
400550,400550,27.651289,FENDRR,
2303,2303,26.859509,FOXC2,
79791,79791,27.651289,FBXO31,
8140,8140,26.335646,SLC7A5,
102465464,102465464,27.64896,MIR6775,
107987237,,,,True
115992,115992,26.859024,RNF166,
100616167,100616167,27.650805,MIR4722,
101927793,101927793,27.650675,LOC101927793,
6137,6137,26.859694,RPL13,
606500,606500,27.650675,SNORD68,
27132,27132,27.650675,CPNE7,
1800,1800,26.859024,DPEP1,
124044,124044,27.650805,SPATA2L,
2622,2622,26.859694,DRC4,
100130015,100130015,8.91983,URAHP,
100996541,100996541,27.651474,FAM157C,
105376781,105376781,27.651474,LOC105376781,
102723655,102723655,27.650805,LOC102723655,
102723713,102723713,27.651474,LOC102723713,
102723753,102723753,8.9198475,LOC102723753,
100506388,100506388,27.651525,RPH3AL-AS1,
400566,400566,27.651525,LIAT1,
79850,79850,27.651525,TLCD3A,
64359,64359,27.651411,NXN,
286753,286753,8.91981,TRARG1,
105371483,105371483,27.650675,LOC105371483,
83547,83547,26.858898,RILP,
727910,727910,27.64896,TLCD2,
5345,5345,26.85718,SERPINF2,
146760,146760,26.859749,RTN4RL1,
105371486,105371486,27.651411,LOC105371486,
105371485,105371485,27.651289,RTN4RL1-AS1,
124641,124641,27.650805,OVCA2,
3090,3090,26.85963,HIC1,
105371490,105371490,27.651289,LOC105371490,
443,443,26.859509,ASPA,
162514,162514,26.859509,TRPV3,
105371493,105371493,27.651525,LOC105371493,
5026,5026,26.85718,P2RX5,
3682,3682,26.338215,ITGAE,
83903,83903,26.858898,HASPIN,
84254,84254,26.85963,CAMKK1,
5023,5023,26.85963,P2RX1,
489,489,25.947956,ATP2A3,
124936,124936,27.64896,CYB5D2,
124975,124975,26.859509,GGT6,
342527,342527,27.651289,SMTNL2,
105371498,105371498,27.651289,LOC105371498,
246,246,26.858898,ALOX15,
284013,284013,27.650805,VMO1,
1145,1145,26.85718,CHRNE,
100130311,100130311,27.64896,C17orf107,
2811,2811,26.859694,GP1BA,
10749,10749,27.651474,KIF1C,
9098,9098,26.859749,USP6,
388325,388325,27.651525,SCIMP,
22861,22861,26.85963,NLRP1,
105371507,105371507,27.650805,LOC105371507,
23302,23302,27.651411,WSCD1,
100652883,100652883,8.919573,ALOX15P1,
54739,54739,26.858898,XAF1,
162517,162517,26.85718,FBXO39,
245,245,8.91902,ALOX12P2,
162515,162515,27.64896,SLC16A11,
105371512,105371512,27.64896,LOC105371512,
37,37,26.85718,ACADVL,
442898,442898,27.651289,MIR324,
11337,11337,26.337494,GABARAP,
1366,1366,26.859694,CLDN7,
6517,6517,26.338097,SLC2A4,
9744,9744,27.64896,ACAP1,
8711,8711,27.651525,TNK1,
57555,57555,26.859509,NLGN2,
8742,8742,26.85963,TNFSF12,
112483,112483,26.859509,SAT2,
482,482,25.947956,ATP1B2,
1949,1949,26.859694,EFNB3,
105371516,,,,True
92162,92162,27.650675,TMEM88,
247,247,26.337366,ALOX15B,
107985075,107985075,27.651411,LOC107985075,
5187,5187,26.85963,PER1,
6844,6844,26.85963,VAMP2,
9212,9212,25.947956,AURKB,
100189383,100189383,27.651474,TRD-GTC2-11,
22899,22899,26.859509,ARHGEF15,
146849,146849,26.858898,CCDC42,
107985063,,,,True
23533,23533,26.859024,PIK3R5,
101928235,101928235,27.651474,PIK3R5-DT,
124739,124739,26.858898,USP43,
107985011,107985011,27.650805,LOC107985011,
100128560,100128560,27.651474,MYHAS,
4619,4619,26.859509,MYH1,
388335,388335,27.650675,TMEM220,
100506898,100506898,8.919771,MAGOH2P,
101101775,101101775,27.651411,TMEM220-AS1,
100289255,100289255,27.650805,TMEM238L,
644139,644139,27.651411,PIRT,
388336,388336,27.64896,SHISA6,
1770,1770,26.859694,DNAH9,
93649,93649,26.859694,MYOCD,
9912,9912,27.650675,ARHGAP44,
9955,9955,26.85963,HS3ST3A1,
9953,9953,26.337494,HS3ST3B1,
84815,84815,27.650805,MGC12916,
5376,5376,26.859749,PMP22,
64518,64518,27.651525,TEKT3,
284040,284040,27.651525,CDRT4,
94145,94145,27.651474,CDRT3,
353149,353149,27.64896,TBC1D26,
4213,4213,8.91902,MEIS3P1,
51393,51393,26.859694,TRPV2,
125144,125144,26.859509,SNHG29,
388341,388341,27.650675,LRRC75A,
400578,400578,8.919573,KRT16P2,
96597,96597,8.919771,TBC1D27P,
23495,23495,26.859024,TNFRSF13B,
56953,56953,26.85963,NT5M,
55090,55090,26.85718,MED9,
51655,51655,27.651474,RASD1,
102465466,102465466,27.651474,MIR6777,
105371566,105371566,27.651289,LOC105371566,
125170,125170,27.650805,MIEF2,
6470,6470,26.338215,SHMT1,
645027,645027,27.650675,EVPLL,
400579,400579,27.651411,LINC02076,
339241,339241,8.919771,KRT17P2,
729252,729252,8.919615,KRT16P1,
654346,654346,26.337494,LGALS9C,
102724624,102724624,27.651474,LOC102724624,
780854,780854,27.650805,SNORD3D,
400581,400581,27.651474,GRAPL,
780853,780853,27.650805,SNORD3C,
27077,27077,26.859694,B9D1,
5598,5598,26.859509,MAPK7,
4239,4239,26.337978,MFAP4,
146802,146802,26.859509,SLC47A2,
218,218,26.859509,ALDH3A1,
284194,284194,26.337366,LGALS9B,
644945,644945,8.919573,KRT16P3,
100996294,100996294,27.650675,LOC100996294,
440416,440416,27.651411,CCDC144NL-AS1,
339260,339260,27.651411,LOC339260,
5606,5606,26.85963,MAP2K3,
3965,3965,26.335646,LGALS9,
105371709,105371709,27.64896,LOC105371709,
105371712,105371712,27.64896,LOC105371712,
284085,284085,8.91902,KRT18P55,
27346,27346,26.85718,TMEM97,
9058,9058,26.859024,SLC13A2,
10615,10615,27.650805,SPAG5,
124923,124923,27.650805,RSKR,
83871,83871,27.650805,RAB34,
101927018,101927018,27.650805,LOC101927018,
57532,57532,27.651474,NUFIP2,
84940,84940,26.859694,CORO6,
85464,85464,26.859694,SSH2,
6532,6532,26.859694,SLC6A4,
51379,51379,27.651289,CRLF3,
79915,79915,27.650675,ATAD5,
105371722,105371722,27.651525,MIR4733HG,
4974,4974,26.859749,OMG,
2124,2124,27.650675,EVI2B,
2123,2123,27.651411,EVI2A,
100616248,100616248,27.651289,MIR4724,
406968,406968,27.650675,MIR193A,
55352,55352,27.651474,COPRS,
6458,6458,8.919771,SH3GL1P1,
693217,693217,27.651411,MIR632,
5717,5717,26.85963,PSMD11,
8851,8851,26.85963,CDK5R1,
26022,26022,27.651411,TMEM98,
102724731,,,,True
40,40,26.859509,ASIC2,
105371737,105371737,27.651289,ASIC2-AS2,
6356,6356,26.859509,CCL11,
105371742,105371742,27.650675,LOC105371742,
162394,162394,27.64896,SLFN5,
91607,91607,26.859694,SLFN11,
100506736,100506736,27.64896,SLFN12L,
107985032,,,,True
342618,342618,27.650805,SLFN14,
107985033,107985033,27.650805,LOC107985033,
5193,5193,26.337494,PEX12,
91608,91608,27.650675,RASL10B,
246176,246176,27.651525,GAS2L2,
79148,79148,27.651411,MMP28,
256957,256957,27.651411,HEATR9,
6352,6352,26.85718,CCL5,
100533789,100533789,8.91983,LRRC37A8P,
201299,201299,27.651474,RDM1,
6358,6358,27.651474,CCL14,
348249,348249,27.651289,CCL15-CCL14,
101927369,101927369,27.651525,LOC101927369,
6351,6351,26.858898,CCL4,
107985055,107985055,27.650675,LOC107985055,
414062,414062,26.85718,CCL3L3,
9560,9560,26.859509,CCL4L2,
102724956,102724956,27.651525,LOC102724956,
79154,79154,27.651525,DHRS11,
102723471,102723471,27.64896,LHX1-DT,
3975,3975,26.338097,LHX1,
105371753,105371753,27.651411,LOC105371753,
11276,11276,27.651411,SYNRG,
105371756,105371756,27.650805,LOC105371756,
284100,284100,8.919615,YWHAEP7,
101929950,101929950,27.650675,LOC101929950,
440435,440435,27.650675,GPR179,
101929494,101929494,27.64896,LOC101929494,
105371762,105371762,27.64896,LOC105371762,
109617002,109617002,27.651474,SNORA21B,
105371767,105371767,27.651474,LOC105371767,
342667,342667,26.859694,STAC2,
101929578,101929578,8.919771,TFCP2L6P,
5469,5469,26.859509,MED1,
84152,84152,26.859749,PPP1R1B,
8557,8557,26.858898,TCAP,
22806,22806,26.337366,IKZF3,
55876,55876,27.651525,GSDMB,
1440,1440,26.859024,CSF3,
7067,7067,26.859749,THRA,
990,990,26.859694,CDC6,
7153,7153,26.337494,TOP2A,
3487,3487,26.337494,IGFBP4,
107985064,,,,True
84951,84951,26.858898,TNS4,
105371773,105371773,27.651525,LOC105371773,
101059954,,,,True
1236,1236,26.85963,CCR7,
125113,125113,27.650675,KRT222,
105371775,105371775,27.650675,LOC105371775,
105371777,105371777,27.651289,LOC105371777,
25984,25984,26.85718,KRT23,
107985072,107985072,27.64896,LOC107985072,
125115,125115,26.859694,KRT40,
3881,3881,26.85963,KRT31,
8688,8688,26.859749,KRT37,
3882,3882,26.859694,KRT32,
3866,3866,25.947956,KRT15,
102466658,102466658,27.651289,MIR6510,
3861,3861,26.859694,KRT14,
3868,3868,26.859694,KRT16,
3872,3872,26.338097,KRT17,
284116,284116,8.919771,KRT42P,
9001,9001,26.859509,HAP1,
23415,23415,27.651289,KCNH4,
284119,284119,26.859509,CAVIN1,
2826,2826,26.859509,CCR10,
10266,10266,26.859509,RAMP2,
65266,65266,27.651289,WNK4,
10197,10197,26.85963,PSME3,
314,314,26.85963,AOC2,
8639,8639,26.338097,AOC3,
388387,388387,27.64896,LINC00671,
10493,10493,27.651525,VAT1,
672,672,26.859749,BRCA1,
113277,113277,26.859024,TMEM106A,
100874261,100874261,27.650675,CCDC200,
379,379,27.650675,ARL4D,
2118,2118,26.85718,ETV4,
4222,4222,27.64896,MEOX1,
146894,146894,27.64896,CD300LG,
107985077,107985077,27.651474,LOC107985077,
23591,23591,27.651474,FAM215A,
78995,78995,27.64896,HROB,
92591,92591,26.859749,ASB16,
101926967,101926967,27.650675,ATXN7L3-AS1,
101926996,101926996,27.651525,RUNDC3A-AS1,
124808,124808,27.651525,CCDC43,
105371792,105371792,27.650805,LOC105371792,
4185,4185,26.859024,ADAM11,
51751,51751,27.651411,HIGD1B,
2670,2670,26.859749,GFAP,
146909,146909,26.337366,KIF18B,
10882,10882,27.650675,C1QL1,
113026,113026,26.337494,PLCD3,
339192,339192,27.651411,FMNL1-DT,
752,752,26.859694,FMNL1,
107985040,107985040,27.651474,FMNL1-AS1,
124783,124783,27.651411,SPATA32,
105369225,105369225,27.651411,LOC105369225,
55073,55073,8.91981,LRRC37A4P,
1394,1394,26.859024,CRHR1,
100128977,100128977,27.650805,MAPT-AS1,
4137,4137,26.335646,MAPT,
100130148,100130148,27.64896,MAPT-IT1,
105371800,105371800,27.64896,LOC105371800,
107987254,,,,True
728806,728806,8.919771,NSFP1,
644297,644297,27.651289,FAM215B,
4905,4905,26.859509,NSF,
388394,388394,27.650675,RPRML,
102724508,102724508,27.651525,EFCAB13-DT,
9520,9520,27.650675,NPEPPS,
3837,3837,26.859694,KPNB1,
30009,30009,26.859694,TBX21,
90507,90507,27.651411,SCRN2,
51226,51226,27.651411,COPZ2,
8631,8631,26.859749,SKAP1,
3212,3212,27.651525,HOXB2,
100874362,100874362,27.651525,HOXB-AS1,
3213,3213,26.859024,HOXB3,
404266,404266,27.651289,HOXB-AS3,
3215,3215,27.650675,HOXB5,
3216,3216,27.650675,HOXB6,
3217,3217,27.64896,HOXB7,
101060400,,,,True
105371809,105371809,27.650805,LINC02086,
2793,2793,26.85718,GNGT2,
51225,51225,26.85718,ABI3,
162466,162466,26.859694,PHOSPHO1,
105371816,,,,True
4804,4804,26.85963,NGFR,
11143,11143,26.85963,KAT7,
255061,255061,27.651289,TAC4,
1747,1747,27.651289,DLX3,
201191,201191,26.859024,SAMD14,
6442,6442,26.337494,SGCA,
373861,373861,8.919615,H1-9P,
80221,80221,26.338165,ACSF2,
253962,253962,27.651525,CACNA1G-AS1,
8913,8913,26.859749,CACNA1G,
124857,124857,27.650675,WFIKKN2,
105371825,105371825,27.650675,LOC105371825,
3131,3131,27.651411,HLF,
101927389,101927389,27.650805,LOC101927389,
55273,55273,27.651289,TMEM100,
8526,8526,26.338165,DGKE,
100500827,100500827,27.651525,MIR3614,
101927510,101927510,27.651411,LOC101927510,
124540,124540,26.859024,MSI2,
404093,404093,27.650805,CUEDC1,
7716,7716,27.650805,VEZF1,
124535,124535,27.651289,HSF5,
4591,4591,26.337366,TRIM37,
348235,348235,27.64896,SKA2,
55771,55771,27.64896,PRR11,
1213,1213,26.859694,CLTC,
653645,653645,8.91983,TBC1D3P1-DHX40P1,
63897,63897,27.651525,HEATR6,
645638,645638,8.9198475,WFDC21P,
653653,653653,8.91981,AP1S2P2,
84669,84669,26.338097,USP32,
103689912,103689912,27.651411,TBX2-AS1,
6909,6909,26.85718,TBX2,
83990,83990,26.859509,BRIP1,
57508,57508,26.85718,INTS2,
9969,9969,26.858898,MED13,
112268202,,,,True
107985020,107985020,27.650805,LOC107985020,
1636,1636,26.85963,ACE,
10238,10238,26.85963,DCAF7,
101927898,101927898,27.651411,LOC101927898,
80774,80774,27.650675,LIMD2,
729683,729683,27.650675,LOC729683,
146771,146771,8.919771,TCAM1P,
107987248,,,,True
974,974,26.859509,CD79B,
6329,6329,27.651289,SCN4A,
284021,284021,27.651289,MILR1,
100616408,100616408,27.651525,MIR5047,
10672,10672,26.859509,GNA13,
8787,8787,26.338215,RGS9,
786,786,27.650805,CACNG1,
9931,9931,27.650805,HELZ,
100500895,100500895,27.651474,MIR548AA2,
693131,693131,27.651525,MIR548D2,
284018,284018,27.651474,C17orf58,
3838,3838,26.335646,KPNA2,
9120,9120,27.64896,SLC16A6,
105371874,105371874,27.650675,LOC105371874,
10351,10351,26.858898,ABCA8,
10350,10350,26.858898,ABCA9,
23460,23460,26.859024,ABCA6,
10349,10349,26.859749,ABCA10,
105371880,105371880,27.651525,MAP2K6-AS1,
102723487,102723487,27.650805,LINC01497,
101928141,101928141,27.651525,LINC01028,
3773,3773,26.859509,KCNJ16,
102723505,102723505,27.651474,ROCR,
102606463,102606463,27.651289,LINC01152,
102723517,102723517,27.651289,LOC102723517,
400618,400618,27.650805,SOX9-AS1,
101928205,101928205,27.650805,LINC02097,
6662,6662,26.859694,SOX9,
55028,55028,27.651289,MTNAP1,
23580,23580,27.651474,CDC42EP4,
55890,55890,27.650805,GPRC5C,
326624,326624,26.85963,RAB37,
146722,146722,27.650805,CD300LF,
30850,30850,27.651411,CDR2L,
60386,60386,26.338215,SLC25A19,
107985013,107985013,27.651525,LOC107985013,
100507218,100507218,27.651525,RNF157-AS1,
114804,114804,26.859024,RNF157,
107985019,,,,True
15,15,26.338097,AANAT,
79651,79651,26.85963,RHBDF2,
114757,114757,27.651289,CYGB,
768206,768206,27.651474,PRCD,
55808,55808,26.335646,ST6GALNAC1,
105274304,105274304,27.650675,LOC105274304,
439921,439921,27.650675,MXRA7,
105371903,105371903,27.64896,LOC105371903,
107985079,107985079,27.651474,LOC107985079,
400624,400624,27.651525,LINC01973,
100131096,,,,True
11322,11322,27.651289,TMC6,
147138,147138,27.650805,TMC8,
125061,125061,26.859694,AFMID,
332,332,26.858898,BIRC5,
100996291,100996291,27.650805,LINC01993,
101928674,101928674,27.650805,SOCS3-DT,
8632,8632,26.859694,DNAH17,
100996295,100996295,27.651474,DNAH17-AS1,
101928710,101928710,27.651289,SCAT1,
9267,9267,26.859509,CYTH1,
7077,7077,26.338165,TIMP2,
114897,114897,26.859694,C1QTNF1,
146713,146713,27.651289,RBFOX3,
100652929,100652929,27.64896,LINC02078,
339221,339221,26.85718,ENPP7,
102723961,,,,True
55036,55036,27.651525,CCDC40,
57674,57674,27.651525,RNF213,
100294362,100294362,27.650675,RNF213-AS1,
284131,284131,27.650805,ENDOV,
9625,9625,26.337494,LMTK1,
57597,57597,27.650805,BAHCC1,
100616294,100616294,27.650805,MIR4740,
105371926,105371926,27.651289,LOC105371926,
112268189,,,,True
83882,83882,27.651525,TSPAN10,
5881,5881,26.858898,RAC3,
9123,9123,26.858898,SLC16A3,
101929511,101929511,27.651411,LINC01970,
107985059,,,,True
924,924,27.650675,CD7,
400629,400629,27.651411,TEX19,
10966,10966,26.858898,RAB40B,
64122,64122,26.335646,FN3K,
284207,284207,27.651525,METRNL,
107987251,,,,True
105371952,105371952,27.651411,LOC105371952,
105371953,105371953,27.650675,LOC105371953,
56651,56651,27.64896,LINC00470,
105371960,105371960,27.651411,LOC105371960,
105371959,105371959,27.650675,LOC105371959,
105371956,105371956,27.64896,LOC105371956,
10403,10403,26.338215,NDC80,
645158,645158,8.91981,CBX3P2,
23347,23347,27.651411,SMCHD1,
84034,84034,26.338097,EMILIN2,
8736,8736,26.85963,MYOM1,
100505592,100505592,26.85963,GAPLINC,
107985137,,,,True
645369,645369,27.64896,TMEM200C,
284217,284217,26.859509,LAMA1,
101927188,101927188,27.651289,LOC101927188,
23255,23255,26.859509,MTCL1,
101927275,101927275,27.651525,NDUFV2-AS1,
23253,23253,27.651525,ANKRD12,
107985188,,,,True
102724397,102724397,27.650675,TWSG1-DT,
11031,11031,26.85718,RAB31,
147495,147495,27.650675,APCDD1,
3613,3613,26.337494,IMPA2,
497259,497259,27.650675,C18orf61,
1149,1149,26.859694,CIDEA,
100288122,100288122,27.651474,LDLRAD4-AS1,
107985120,,,,True
102724615,,,,True
4161,4161,26.859509,MC5R,
440482,440482,8.919771,ANKRD20A5P,
284233,284233,8.919771,CYP4F35P,
105372003,105372003,27.651525,LOC105372003,
440224,440224,8.919771,CXADRP3,
388468,388468,27.651411,POTEC,
105372004,105372004,27.651411,LOC105372004,
374860,374860,27.651289,ANKRD30B,
105372008,105372008,27.650805,LOC105372008,
105372009,105372009,27.650805,LINC01906,
105372010,105372010,27.651474,LOC105372010,
80000,80000,27.650805,GREB1L,
105376866,,,,True
100128893,100128893,27.650805,GATA6-AS1,
2627,2627,26.858898,GATA6,
91768,91768,26.859749,CABLES1,
3909,3909,26.859749,LAMA3,
26256,26256,27.64896,CABYR,
114876,114876,26.85718,OSBPL1A,
105372030,105372030,27.650805,LINC01894,
25925,25925,26.337494,ZNF521,
143471,143471,26.335646,PSMA8,
284252,284252,27.64896,KCTD1,
102725227,102725227,27.650675,LOC102725227,
728606,728606,27.650675,PCAT18,
361,361,26.859694,AQP4,
147429,147429,27.651474,AQP4-AS1,
83539,83539,26.338097,CHST9,
1000,1000,26.859749,CDH2,
1825,1825,26.859749,DSC3,
1830,1830,26.859509,DSG3,
22878,22878,27.651289,TRAPPC8,
57565,57565,27.651525,KLHL14,
112268208,112268208,27.651525,LOC112268208,
105372055,105372055,27.651525,KLHL14-AS1,
374864,374864,27.651474,CCDC178,
80816,80816,27.651474,ASXL3,
105372061,105372061,27.651289,LOC105372061,
107985139,,,,True
105372064,105372064,27.650805,LOC105372064,
101927809,101927809,27.650805,COSMOC,
80206,80206,27.650675,FHOD3,
56853,56853,27.650675,CELF4,
102724417,102724417,27.651525,LOC102724417,
105372072,,,,True
105372077,105372077,27.651411,LOC105372077,
105372088,105372088,27.651411,LOC105372088,
101927980,101927980,27.651411,SLC14A2-AS1,
105372092,105372092,27.651411,LOC105372092,
284266,284266,27.651411,SIGLEC15,
100188995,100188995,27.650805,TRK-CTT6-1,
494470,494470,27.651474,ARK2C,
29906,29906,26.859694,ST8SIA5,
201501,201501,27.650675,ZBTB7C,
9811,9811,27.650675,CTIF,
107987258,,,,True
107985147,107985147,27.651411,LOC107985147,
112268210,112268210,27.650805,LOC112268210,
103091864,103091864,27.64896,SNHG22,
220134,220134,27.64896,SKA1,
5596,5596,26.859509,MAPK4,
83876,83876,27.651289,MRO,
4200,4200,26.859694,ME2,
80323,80323,27.651474,CCDC68,
100505474,100505474,27.650805,LINC01539,
100505549,100505549,27.651474,ATP8B1-AS1,
23327,23327,26.859694,NEDD4L,
115701,115701,27.650805,ALPK2,
102724745,102724745,27.650805,LINC03110,
101927322,101927322,27.650675,MALT1-AS1,
147372,147372,26.859024,CCBE1,
5366,5366,26.337494,PMAIP1,
105372157,105372157,27.650805,LOC105372157,
8792,8792,26.337494,TNFRSF11A,
5268,5268,27.651474,SERPINB5,
5275,5275,26.337978,SERPINB13,
6318,6318,26.337978,SERPINB4,
284293,284293,27.651289,HMSD,
1005,1005,26.85718,CDH7,
92126,92126,27.650675,DSEL,
105372178,,,,True
10666,10666,26.859509,CD226,
101927481,101927481,27.651411,LINC01909,
220158,220158,27.651474,GTSCR1,
105372185,105372185,27.651474,LOC105372185,
147381,147381,26.85718,CBLN2,
81832,81832,27.650675,NETO1,
125704,125704,27.650675,DIPK1C,
105372208,,,,True
105372210,105372210,27.64896,LOC105372210,
105372209,105372209,27.651411,LOC105372209,
284276,284276,27.651289,LINC00908,
105372214,105372214,27.651525,LOC105372214,
105372217,105372217,27.651525,MBP-AS1,
107985162,107985162,27.64896,LOC107985162,
26251,26251,27.64896,KCNG2,
440498,440498,27.651474,HSBP1L1,
79863,79863,27.651411,RBFA,
100506070,100506070,27.651411,RBFADN,
100130522,100130522,27.651525,PARD6G-AS1,
84552,84552,26.859749,PARD6G,
8612,8612,26.85963,PLPP2,
25759,25759,26.85963,SHC2,
91978,91978,27.651525,TPGS1,
997,997,26.337494,CDC34,
3004,3004,27.650805,GZMM,
610,610,26.337978,HCN2,
107987266,107987266,27.651289,LOC107987266,
27006,27006,26.859024,FGF22,
10272,10272,27.650805,FSTL3,
5064,5064,26.859694,PALM,
101928450,101928450,27.651289,LOC101928450,
107985343,107985343,27.651289,LINC01836,
1991,1991,26.337366,ELANE,
1675,1675,26.85963,CFD,
23526,23526,27.651474,ARHGAP45,
2879,2879,26.859694,GPX4,
255057,255057,27.651525,CBARP,
513,513,26.85718,ATP5F1D,
54760,54760,26.858898,PCSK4,
92840,92840,27.64896,REEP6,
339366,339366,27.64896,ADAMTSL5,
126520,126520,26.859509,PLK5,
399664,399664,27.651289,MEX3D,
113178,113178,27.651289,SCAMP4,
107985278,107985278,27.651411,LOC107985278,
645191,645191,26.859024,LINGO3,
101928572,101928572,27.650805,LOC101928572,
148252,148252,27.651525,DIRAS1,
80032,80032,26.859749,ZNF556,
101928631,,,,True
7089,7089,26.859749,TLE2,
166,166,26.858898,TLE5,
2767,2767,26.337366,GNA11,
8698,8698,26.858898,S1PR4,
60680,60680,27.651474,CELF5,
105372244,105372244,27.651411,LOC105372244,
4782,4782,26.85963,NFIC,
284422,284422,27.651474,SMIM24,
4145,4145,26.337494,MATK,
27231,27231,26.858898,NMRK2,
693222,693222,27.650675,MIR637,
170961,170961,26.858898,ANKRD24,
55702,55702,27.650675,YJU2,
126259,126259,27.651411,TMIGD2,
79187,79187,27.651411,FSD1,
55620,55620,27.651411,STAP2,
80700,80700,26.85963,UBXN6,
84717,84717,27.651525,HDGFL2,
729359,729359,26.337494,PLIN4,
440503,440503,26.859694,PLIN5,
29128,29128,26.859694,UHRF1,
5802,5802,26.859694,PTPRS,
105372252,105372252,27.651474,LOC105372252,
374875,374875,26.859694,HSD11B1L,
4902,4902,27.650805,NRTN,
2525,2525,26.337978,FUT3,
2527,2527,26.337494,FUT5,
100128568,100128568,27.651289,RANBP3-DT,
5990,5990,27.651525,RFX2,
105372255,105372255,27.64896,LOC105372255,
79958,79958,26.859509,DENND1C,
9322,9322,26.859509,TRIP10,
107985302,,,,True
7409,7409,26.859749,VAV1,
2015,2015,26.859749,ADGRE1,
326342,326342,8.919771,ADGRE4P,
107985284,,,,True
92960,92960,27.650805,PEX11G,
140467,140467,27.650805,ZNF358,
2208,2208,26.859024,FCER2,
339390,339390,26.859694,CLEC4G,
30835,30835,26.859694,CD209,
440508,440508,8.919573,CLEC4GP1,
404217,404217,27.651289,CTXN1,
6370,6370,26.85718,CCL25,
84467,84467,26.335646,FBN3,
256949,256949,27.651411,KANK3,
51129,51129,26.85718,ANGPTL4,
4542,4542,26.335646,MYO1F,
107983991,,,,True
147741,147741,26.859509,ZNF560,
101928238,101928238,27.651289,ZNF426-DT,
100505555,100505555,27.650805,LOC100505555,
93145,93145,27.651474,OLFM2,
9294,9294,26.859509,S1PR2,
7087,7087,26.85718,ICAM5,
100125288,100125288,26.859749,ZGLP1,
3385,3385,26.859024,ICAM3,
53637,53637,26.858898,S1PR5,
147841,147841,26.85963,SPC24,
25959,25959,27.651474,KANK2,
105372273,105372273,27.651289,DOCK6-AS1,
55908,55908,26.85718,ANGPTL8,
9545,9545,26.859749,RAB3D,
2057,2057,26.859024,EPOR,
57139,57139,27.651411,RGL3,
115950,115950,26.858898,ZNF653,
51295,51295,26.859694,ECSIT,
1264,1264,26.859024,CNN1,
401898,401898,8.91902,ZNF833P,
55552,55552,27.651289,ZNF823,
163059,163059,26.85963,ZNF433,
51398,51398,27.651525,WDR83OS,
29911,29911,26.858898,HOOK2,
10661,10661,27.651474,KLF1,
90480,90480,27.650805,GADD45GIP1,
107985286,107985286,27.64896,NFIX-AS1,
9592,9592,27.651289,IER2,
284454,284454,27.651411,MIR23AHG,
407018,407018,27.651525,MIR27A,
407010,407010,26.858898,MIR23A,
342977,342977,27.651474,NANOS3,
79173,79173,27.650805,BRME1,
79883,79883,27.64896,PODNL1,
342979,342979,27.651289,PALM3,
55723,55723,26.85963,ASF1B,
105372288,105372288,27.651525,LINC01841,
388512,388512,27.650675,CLEC17A,
84658,84658,26.859694,ADGRE3,
30817,30817,26.859024,ADGRE2,
26659,26659,26.85718,OR7A5,
85360,85360,27.651289,SYDE1,
79852,79852,26.85963,EPHX3,
64926,64926,26.85963,RASAL3,
126410,126410,26.85963,CYP4F22,
11283,11283,26.85963,CYP4F8,
4051,4051,26.85963,CYP4F3,
66002,66002,26.859749,CYP4F12,
388514,388514,8.919573,CYP4F24P,
84941,84941,27.651474,HSH2D,
10365,10365,27.64896,KLF2,
105372295,105372295,27.651474,LOC105372295,
284434,284434,27.650805,NWD1,
27151,27151,27.64896,CPAMD8,
83878,83878,27.651525,USHBP1,
110806280,110806280,27.650805,CCDC194,
684,684,26.337366,BST2,
105221694,105221694,27.651474,BISPR,
100130519,100130519,27.64896,TMEM221,
115861,115861,27.64896,NXNL1,
376497,376497,26.859509,SLC27A1,
25796,25796,26.859509,PGLS,
199786,199786,27.64896,NIBAN3,
23025,23025,26.858898,UNC13A,
23149,23149,27.651474,FCHO1,
3718,3718,26.337494,JAK3,
6528,6528,25.947956,SLC5A5,
3594,3594,26.337494,IL12RB1,
23031,23031,27.650675,MAST3,
10437,10437,26.859509,IFI30,
5143,5143,26.337494,PDE4C,
729966,729966,27.650805,CIST1,
80726,80726,27.651289,IQCN,
3727,3727,26.85718,JUND,
105372300,105372300,27.64896,LOC105372300,
51477,51477,26.859749,ISYNA1,
9244,9244,26.859694,CRLF1,
10715,10715,26.859694,CERS1,
2657,2657,26.85963,GDF1,
9454,9454,26.85963,HOMER3,
102724360,102724360,27.651411,HOMER3-AS1,
107985268,,,,True
51291,51291,27.650675,GMIP,
94039,94039,26.859509,ZNF101,
284440,284440,27.651289,LINC00663,
105372308,105372308,27.651525,LOC105372308,
105372319,105372319,27.64896,LOC105372319,
7617,7617,27.651474,ZNF66,
148206,148206,26.85963,ZNF714,
400680,400680,27.651474,LINC00664,
101929007,101929007,27.651474,LOC101929007,
105372323,105372323,27.651289,LOC105372323,
105372326,105372326,27.64896,LOC105372326,
112268249,,,,True
105376917,105376917,27.651525,LOC105376917,
440519,440519,27.651525,ZNF724,
107985285,107985285,27.651525,LOC107985285,
171392,171392,26.859749,ZNF675,
100505851,100505851,27.64896,ZNF276-AS1,
100101266,100101266,8.91902,HAVCR1P1,
107985336,,,,True
148145,148145,27.650675,LINC00906,
100505835,100505835,27.650675,LINC01532,
126248,126248,27.651525,WDR88,
56301,56301,26.859694,SLC7A10,
80054,80054,27.651474,CEBPA-DT,
126374,126374,26.85963,WTIP,
400685,400685,27.651411,LINC01801,
6324,6324,26.337494,SCN1B,
3249,3249,26.859024,HPN,
100128675,100128675,27.650805,HPN-AS1,
163175,163175,26.337978,LGI4,
5348,5348,26.338215,FXYD1,
933,933,26.85718,CD22,
100847070,100847070,27.64896,MIR5196,
93099,93099,27.64896,DMKN,
27033,27033,27.64896,ZBTB32,
126393,126393,27.651289,HSPB6,
4868,4868,26.859509,NPHS1,
333,333,27.651474,APLP1,
79414,79414,27.64896,LRFN3,
644096,644096,26.859694,SDHAF1,
25999,25999,27.651289,CLIP3,
284403,284403,27.651411,WDR62,
826,826,26.85963,CAPNS1,
1346,1346,26.859509,COX7A1,
107985304,107985304,27.651289,LOC107985304,
644189,644189,8.9198475,ACOT4P1,
84911,84911,26.858898,ZNF382,
101927621,101927621,27.651411,ZNF567-DT,
101927720,101927720,27.650675,ZNF793-AS1,
94274,94274,26.85963,PPP1R14A,
6261,6261,26.85718,RYR1,
11184,11184,26.859024,MAP4K1,
105372397,105372397,27.650805,MAP4K1-AS1,
147968,147968,27.651525,CAPN12,
3963,3963,27.650805,LGALS7,
653499,653499,27.650805,LGALS7B,
3960,3960,27.64896,LGALS4,
126432,126432,27.64896,RINL,
115290,115290,27.651289,FBXO17,
390928,390928,27.650805,ACP7,
282617,282617,26.859024,IFNL3,
282616,282616,26.859694,IFNL2,
282618,282618,26.858898,IFNL1,
9535,9535,27.651525,GMFG,
7538,7538,26.337366,ZFP36,
100616163,100616163,27.651289,MIR4530,
109623469,109623469,27.651289,SNORD175,
400696,400696,8.919573,LGALS17A,
2091,2091,26.338165,FBL,
284323,284323,27.651474,ZNF780A,
79935,79935,27.650675,CCNP,
57716,57716,27.651474,PRX,
29950,29950,27.651525,SERTAD1,
8425,8425,26.338215,LTBP4,
80271,80271,25.947956,ITPKC,
8190,8190,27.651474,MIA,
100529262,100529262,27.651474,MIA-RAB4B,
1548,1548,26.859694,CYP2A6,
1549,1549,26.859749,CYP2A7,
22952,22952,8.919615,CYP2G1P,
107985299,,,,True
1556,1556,8.9198475,CYP2B7P,
641649,641649,26.859749,TMEM91,
374907,374907,27.650675,B3GNT8,
100505495,100505495,27.650675,PCAT19,
101927931,101927931,27.64896,LINC01480,
90273,90273,26.85718,CEACAM21,
1089,1089,27.64896,CEACAM4,
1048,1048,27.650805,CEACAM5,
4680,4680,27.650805,CEACAM6,
112268252,112268252,27.64896,LOC112268252,
973,973,26.859509,CD79A,
390937,390937,27.650805,ERFL,
100505585,,,,True
478,478,26.337978,ATP1A3,
2901,2901,26.338097,GRIK5,
5452,5452,26.85963,POU2F2,
100505622,100505622,27.64896,LNROP,
284339,284339,27.64896,TMEM145,
101930071,101930071,27.64896,LOC101930071,
100996307,100996307,27.64896,LIPE-AS1,
3991,3991,26.335646,LIPE,
284340,284340,27.651411,CXCL17,
107985349,,,,True
57126,57126,27.651289,CD177,
126299,126299,27.651289,ZNF428,
105372411,105372411,27.651289,LOC105372411,
199731,199731,27.650805,CADM4,
3783,3783,26.859509,KCNN4,
342908,342908,26.338215,ZNF404,
353355,353355,26.859694,ZNF233,
107985305,107985305,27.650675,CEACAM16-AS1,
56971,56971,27.650805,CEACAM19,
102465879,102465879,27.651474,MIR8085,
4059,4059,27.651474,BCAM,
341,341,26.859694,APOC1,
342,342,8.91983,APOC1P1,
346,346,27.651411,APOC4,
100533990,100533990,27.651525,APOC4-APOC2,
344,344,26.859749,APOC2,
284353,284353,27.650675,NKPD1,
10848,10848,26.859749,PPP1R13L,
2354,2354,26.859024,FOSB,
109729182,109729182,27.650805,DM1-AS,
1760,1760,27.651525,DMPK,
4858,4858,27.651525,NOVA2,
64344,64344,26.859509,HIF3A,
105372426,105372426,27.650675,PPP5C-AS1,
83987,83987,27.651289,CCDC8,
55228,55228,27.651525,PNMA8A,
100506012,100506012,8.919615,PPP5D1P,
57469,57469,27.650805,PNMA8B,
147906,147906,27.650675,DACT3,
100506068,100506068,27.64896,DACT3-AS1,
107987269,107987269,27.64896,LOC107987269,
4861,4861,27.651289,NPAS1,
255783,255783,27.651289,INAFM1,
56917,56917,27.651411,MEIS3,
6543,6543,26.85718,SLC8A2,
84215,84215,27.651474,ZNF541,
30846,30846,26.85963,EHD2,
106144593,106144593,27.651411,NOP53-AS1,
6415,6415,27.651474,SELENOW,
56344,56344,27.650675,CABP5,
22900,22900,26.858898,CARD8,
100505812,100505812,27.650675,CARD8-AS1,
163071,163071,26.85963,ZNF114,
10945,10945,26.859694,KDELR1,
107984140,,,,True
2906,2906,26.85718,GRIN2D,
3770,3770,26.85718,KCNJ14,
9266,9266,26.859749,CYTH2,
6820,6820,26.85963,SULT2B1,
54854,54854,27.651525,SACK1E,
171169,171169,27.651474,SPACA4,
6141,6141,26.337494,RPL18,
653677,653677,8.9198475,FUT2BP,
126147,126147,26.337494,NTN5,
54922,54922,26.85963,RASIP1,
51171,51171,27.651411,HSD17B14,
57664,57664,27.651289,PLEKHA4,
23645,23645,26.85963,PPP1R15A,
94027,94027,26.85718,CGB7,
4909,4909,26.337494,NTF4,
951,951,27.64896,CD37,
8463,8463,26.337494,TEAD2,
57030,57030,25.947956,SLC17A7,
199800,199800,27.651289,ADM5,
80199,80199,26.859509,FUZ,
105372435,105372435,27.651474,LOC105372435,
259307,259307,26.338165,IL4I1,
256236,256236,8.91983,NAPSB,
6689,6689,27.651525,SPIB,
4606,4606,26.85718,MYBPC2,
94030,94030,26.858898,LRRC4B,
84258,84258,27.650675,SYT3,
342918,342918,27.650675,C19orf81,
3816,3816,26.859749,KLK1,
354,354,26.858898,KLK3,
3817,3817,26.85718,KLK2,
9622,9622,27.651525,KLK4,
25818,25818,26.338097,KLK5,
5653,5653,27.651525,KLK6,
105372442,105372442,27.64896,LOC105372442,
11202,11202,26.859749,KLK8,
284366,284366,26.335646,KLK9,
5655,5655,27.651289,KLK10,
11012,11012,26.337494,KLK11,
43849,43849,27.64896,KLK12,
26085,26085,26.338165,KLK13,
43847,43847,26.335646,KLK14,
90353,90353,26.337494,CTU1,
27036,27036,26.859694,SIGLEC7,
284367,284367,8.664202,SIGLEC17P,
2109,2109,26.337978,ETFB,
4818,4818,27.64896,NKG7,
105372446,105372446,27.64896,LIM2-AS1,
89790,89790,27.64896,SIGLEC10,
100129083,100129083,27.64896,SIGLEC10-AS1,
27181,27181,27.651411,SIGLEC8,
89858,89858,27.651411,SIGLEC12,
946,946,26.85963,SIGLEC6,
8778,8778,27.651289,SIGLEC5,
100049587,100049587,27.651289,SIGLEC14,
147650,147650,27.650675,SPACA6,
3036,3036,26.859509,HAS1,
2357,2357,26.859694,FPR1,
2358,2358,26.858898,FPR2,
2359,2359,26.859749,FPR3,
101669766,101669766,27.650805,ZNF350-AS1,
112268244,112268244,27.651525,LOC112268244,
147658,147658,26.858898,ZNF534,
81856,81856,26.337494,ZNF611,
7576,7576,26.859749,ZNF28,
100271846,100271846,27.650805,ERVV-2,
170958,170958,26.859749,ZNF525,
91663,91663,27.651525,MYADM,
5582,5582,26.859694,PRKCG,
59285,59285,26.859694,CACNG6,
112268246,,,,True
23547,23547,26.859024,LILRA4,
3903,3903,27.64896,LAIR1,
57348,57348,27.64896,TTYH1,
94059,94059,27.650675,LENG9,
148170,148170,27.651411,CDC42EP5,
3904,3904,27.651411,LAIR2,
90011,90011,8.91981,KIR3DX1,
11027,11027,26.859509,LILRA2,
10859,10859,26.859509,LILRB1,
11006,11006,26.859509,LILRB4,
79166,79166,8.919573,LILRP2,
3804,3804,26.859749,KIR2DL3,
3802,3802,26.85718,KIR2DL1,
3805,3805,26.337494,KIR2DL4,
3811,3811,26.859694,KIR3DL1,
3809,3809,8.664417,KIR2DS4,
3812,3812,26.859749,KIR3DL2,
2204,2204,26.859509,FCAR,
9437,9437,26.859509,NCR1,
7138,7138,26.859509,TNNT1,
7137,7137,26.859509,TNNI3,
5794,5794,26.859694,PTPRH,
125965,125965,26.859694,COX6B2,
147744,147744,27.650805,TMEM190,
57106,57106,27.64896,NAT14,
646643,646643,27.64896,SBK2,
163033,163033,27.651525,ZNF579,
147807,147807,26.338215,ZNF524,
147808,147808,26.337494,ZNF784,
147945,147945,26.859024,NLRP4,
126205,126205,27.650805,NLRP8,
112268241,112268241,27.650675,ZNF470-DT,
23619,23619,27.650675,ZIM2,
125919,125919,26.859694,ZNF543,
57343,57343,26.859694,ZNF304,
162972,162972,26.859694,ZNF550,
284307,284307,26.859749,ZIK1,
7710,7710,26.859509,ZNF154,
79891,79891,26.85718,ZNF671,
284309,284309,27.64896,ZNF776,
79818,79818,26.337366,ZNF552,
84914,84914,26.859749,ZNF587,
147687,147687,26.85963,ZNF417,
147685,147685,27.651289,C19orf18,
105372479,105372479,27.651411,LOC105372479,
105372484,105372484,27.650675,LOC105372484,
646862,646862,27.651411,RNF225,
112268251,112268251,27.651411,LOC112268251,
400830,400830,26.858898,DEFB132,
140680,140680,27.650675,C20orf96,
80023,80023,27.651474,NRSN2,
83541,83541,27.651525,FAM110A,
51378,51378,26.338215,ANGPT4,
343637,343637,26.338215,RSPO4,
55321,55321,27.651525,TMEM74B,
27111,27111,27.651525,SDCBP2,
284759,284759,27.651525,SIRPB2,
105372499,105372499,27.64896,LOC105372499,
128646,128646,27.64896,SIRPD,
107985409,107985409,27.64896,LOC107985409,
10326,10326,26.85718,SIRPB1,
55423,55423,26.85718,SIRPG,
101929010,101929010,27.64896,SIRPG-AS1,
107984104,,,,True
107984088,,,,True
102724545,102724545,27.651289,LOC102724545,
388780,388780,27.650805,LINC03086,
692213,692213,27.650805,SNORD110,
57593,57593,27.650805,EBF4,
56265,56265,26.859694,CPXM1,
64949,64949,27.650805,MRPS26,
9762,9762,27.650805,LZTS3,
107985414,107985414,27.650805,LOC107985414,
83959,83959,26.338165,SLC4A11,
80332,80332,27.650805,ADAM33,
116835,116835,27.651474,HSPA12B,
25876,25876,27.651474,SPEF1,
1059,1059,27.651474,CENPB,
54498,54498,26.859694,SMOX,
146,146,26.859024,ADRA1D,
5621,5621,26.337494,PRNP,
105372511,105372511,27.651289,LOC105372511,
9770,9770,27.651289,RASSF2,
105372513,,,,True
55612,55612,27.650675,FERMT1,
105372522,105372522,27.651411,LOC105372522,
57144,57144,26.337978,PAK5,
101929395,101929395,27.651289,LINC01752,
140862,140862,27.651411,ISM1,
105372539,,,,True
80343,80343,27.651289,SEL1L2,
23767,23767,26.859509,FLRT3,
613266,613266,27.650675,LOC613266,
5126,5126,26.858898,PCSK2,
631,631,26.858898,BFSP1,
11034,11034,26.859509,DSTN,
58495,58495,26.85718,OVOL2,
388789,388789,26.85963,SMIM26,
29075,29075,27.64896,LINC00652,
105372553,,,,True
51340,51340,26.85718,CRNKL1,
3642,3642,27.64896,INSM1,
101929608,101929608,27.651411,LINC01726,
63908,63908,27.651411,NAPB,
128817,128817,27.651525,CSTL1,
140880,140880,27.651525,CST11,
128822,128822,27.651411,CST9,
1471,1471,26.859024,CST3,
1472,1472,27.650805,CST4,
1469,1469,27.64896,CST1,
79953,79953,26.85963,SYNDIG1,
107985402,107985402,27.651411,LOC107985402,
8530,8530,27.651411,CST7,
9837,9837,26.85718,GINS1,
728882,728882,27.651474,FAM182B,
284800,284800,27.651289,FAM182A,
102723316,102723316,8.91983,FRG1DP,
102723390,102723390,8.91983,FRG1EP,
400841,400841,27.651525,LINC01597,
107985433,107985433,27.650805,LOC107985433,
284802,284802,8.919771,FRG1BP,
140678,140678,8.919573,MLLT10P1,
102723552,102723552,8.91902,ANKRD20A21P,
28954,28954,27.64896,REM1,
3397,3397,26.858898,ID1,
84701,84701,26.859749,COX4I2,
105372589,105372589,27.651289,BCL2L1-AS1,
22974,22974,26.859509,TPX2,
85366,85366,27.651289,MYLK2,
128853,128853,27.650805,DUSP15,
140706,140706,26.337494,CCM2L,
107985403,,,,True
100302183,100302183,27.651474,MIR1825,
101929698,101929698,27.650675,LOC101929698,
105372592,105372592,27.651411,LOC105372592,
284805,284805,27.651411,C20orf203,
22919,22919,26.85963,MAPRE1,
80341,80341,27.651411,BPIFB2,
92747,92747,27.651525,BPIFB1,
6640,6640,26.859749,SNTA1,
1869,1869,26.338215,E2F1,
101926888,101926888,27.651474,RALY-AS1,
107985381,,,,True
83737,83737,26.859509,ITCH,
10544,10544,26.859694,PROCR,
10893,10893,26.337366,MMP24,
554250,554250,27.651289,GDF5-AS1,
8200,8200,26.335646,GDF5,
11190,11190,26.85718,CEP250,
102725201,102725201,27.64896,CEP250-AS1,
80307,80307,8.919615,FER1L4,
6676,6676,27.651474,SPAG4,
101926987,101926987,27.651474,DLGAP4-AS1,
10398,10398,26.858898,MYL9,
107985397,,,,True
84174,84174,26.859509,SLA2,
140711,140711,27.650805,TLDC2,
5933,5933,26.859749,RBL1,
140699,140699,27.651411,MROH8,
2691,2691,26.859749,GHRH,
9675,9675,27.651525,TTI1,
58490,58490,26.859749,RPRD1B,
85449,85449,27.651525,KIAA1755,
671,671,27.651525,BPI,
3929,3929,26.85718,LBP,
26776,26776,27.651474,SNORA71B,
57148,57148,27.651474,RALGAPB,
343578,343578,27.650805,ARHGAP40,
26051,26051,27.64896,PPP1R16B,
81610,81610,27.650675,SACK1D,
105372617,105372617,27.650805,LOC105372617,
105372618,105372618,27.651289,LOC105372618,
102724968,102724968,27.651289,LOC102724968,
107985435,107985435,27.64896,LOC107985435,
101927117,101927117,27.651289,PLCG1-AS1,
90187,90187,26.859024,EMILIN3,
84181,84181,27.650805,CHD6,
101927182,101927182,27.650675,LOC101927182,
11122,11122,27.651474,PTPRT,
101927159,101927159,27.64896,LOC101927159,
10110,10110,26.85718,SGK2,
4605,4605,26.858898,MYBL2,
149699,149699,27.651289,GTSF1L,
101927200,101927200,27.651289,LOC101927200,
107985441,,,,True
84969,84969,27.651474,TOX2,
57158,57158,27.650805,JPH2,
100,100,26.859694,ADA,
106144538,106144538,27.651474,KCNK15-AS1,
8839,8839,26.859694,CCN5,
140730,140730,27.651474,RIMS4,
6789,6789,26.338165,STK4,
149708,149708,27.651411,WFDC5,
5266,5266,27.651525,PI3,
6590,6590,27.651411,SLPI,
8785,8785,26.337366,MATN4,
10406,10406,26.337366,WFDC2,
11065,11065,26.858898,UBE2C,
7125,7125,26.85963,TNNC2,
90203,90203,27.651525,SNX21,
5360,5360,26.859749,PLTP,
4318,4318,26.85963,MMP9,
109729184,109729184,27.64896,SLC12A5-AS1,
57468,57468,26.335646,SLC12A5,
105372632,,,,True
958,958,26.85718,CD40,
64405,64405,27.64896,CDH22,
63916,63916,26.859694,ELMO2,
55713,55713,26.338165,ZNF334,
7686,7686,8.91902,MKRN7P,
64849,64849,26.859749,SLC13A3,
81031,81031,26.338215,SLC2A10,
2139,2139,26.859509,EYA2,
102723442,102723442,27.651289,LINC01754,
8202,8202,26.859024,NCOA3,
107985401,107985401,27.650805,LOC107985401,
105372636,105372636,27.651474,LOC105372636,
112268266,,,,True
101927457,101927457,27.651474,LINC01522,
107985436,107985436,27.651289,LOC107985436,
105372639,105372639,27.650805,LOC105372639,
284749,284749,27.650805,LINC00494,
10564,10564,26.859024,ARFGEF2,
1434,1434,27.650675,CSE1L,
57169,57169,26.859509,ZNFX1,
692057,692057,26.859024,SNORD12,
3745,3745,26.858898,KCNB1,
5740,5740,26.859509,PTGIS,
113219455,113219455,27.651525,MIR12122,
6615,6615,26.858898,SNAI1,
101927559,101927559,27.650675,CEBPB-AS1,
1051,1051,26.85963,CEBPB,
5770,5770,26.85963,PTPN1,
84612,84612,26.85963,PARD6B,
55653,55653,26.859509,BCAS4,
27304,27304,26.337978,MOCS3,
105372663,105372663,27.650805,LOC105372663,
4773,4773,26.85718,NFATC2,
105372665,105372665,27.64896,LOC105372665,
101927700,101927700,27.651411,LINC01524,
105372668,105372668,27.651525,LOC105372668,
128553,128553,27.651525,TSHZ2,
101927770,101927770,27.651411,ZNF217-AS1,
7764,7764,27.650805,ZNF217,
55816,55816,26.859749,DOK5,
140689,140689,26.859749,CBLN4,
6790,6790,25.947956,AURKA,
57091,57091,27.650805,CASS4,
105372683,105372683,27.64896,LOC105372683,
655,655,26.859509,BMP7,
112268270,112268270,27.651289,LOC112268270,
5105,5105,26.85718,PCK1,
81030,81030,26.859694,ZBP1,
56937,56937,26.337494,PMEPA1,
105372693,105372693,27.651525,LOC105372693,
55370,55370,8.91902,PPP4R1L,
164284,164284,27.64896,APCDD1L,
149773,149773,27.651474,APCDD1L-DT,
149775,149775,27.651525,GNAS-AS1,
107985382,107985382,27.651525,LOC107985382,
51012,51012,27.651525,PRELID3B,
128611,128611,27.651289,ZNF831,
1908,1908,26.859509,EDN3,
116154,116154,27.650805,PHACTR3,
10388,10388,27.651474,SYCP2,
63939,63939,27.650675,FAM217B,
5509,5509,26.858898,PPP1R3D,
284756,284756,27.651474,LINC02910,
1002,1002,26.859024,CDH4,
100128310,100128310,27.651474,CDH4-AS2,
105372704,105372704,27.651474,LOC105372704,
105372706,105372706,27.651525,LOC105372706,
105369209,105369209,27.651525,LOC105369209,
4923,4923,26.85718,NTSR1,
100652730,100652730,27.64896,LINC00659,
1299,1299,26.335646,COL9A3,
105372717,105372717,27.651289,LOC105372717,
63910,63910,27.651289,SLC17A9,
1917,1917,26.858898,EEF1A2,
105372725,105372725,27.650805,LOC105372725,
85441,85441,26.859024,HELZ2,
112268269,112268269,27.651411,ABHD16B-AS1,
6919,6919,27.650805,TCEA2,
54345,54345,27.651411,SOX18,
105379484,105379484,27.650675,LOC105379484,
107987292,107987292,27.64896,LOC107987292,
102724334,102724334,27.651289,LOC102724334,
107985506,,,,True
107987289,,,,True
110091777,110091777,27.650675,LOC110091777,
102723475,102723475,27.650675,LOC102723475,
107987293,,,,True
102723603,102723603,8.919771,CDC27P11,
101930100,101930100,27.651289,LOC101930100,
85319,85319,8.91981,BAGE2,
105378260,,,,True
317754,317754,27.651474,POTED,
107985482,107985482,27.64896,LOC107985482,
54055,54055,8.91981,CYP4F29P,
149998,149998,27.651411,LIPI,
54033,54033,27.651474,RBM11,
150000,150000,8.91983,ABCC13,
6782,6782,26.859694,HSPA13,
64092,64092,27.64896,SAMSN1,
100874190,100874190,27.64896,SAMSN1-AS1,
388813,,,,True
105372738,105372738,27.650805,LOC105372738,
8204,8204,26.337494,NRIP1,
101927745,101927745,27.64896,LOC101927745,
388815,388815,27.651474,MIR99AHG,
1525,1525,26.859024,CXADR,
10950,10950,27.651525,BTG3,
246312,246312,27.651525,C21orf91-OT1,
54149,54149,27.651411,C21orf91,
105372751,105372751,27.651411,LINC01684,
54072,54072,27.651411,LINC00158,
114614,114614,27.651525,MIR155HG,
406947,406947,27.651525,MIR155,
58494,58494,26.338215,JAM2,
351,351,26.85963,APP,
116159,116159,27.651289,CYYR1,
11096,11096,26.859509,ADAMTS5,
112268280,,,,True
105372759,105372759,27.651474,LOC105372759,
284825,284825,27.651474,LINC01697,
118421,118421,27.651289,LINC00161,
2897,2897,26.858898,GRIK1,
105372768,105372768,27.64896,LOC105372768,
100379661,100379661,27.651289,GRIK1-AS2,
642976,642976,27.651474,GRIK1-AS1,
9073,9073,26.859694,CLDN8,
7074,7074,26.85718,TIAM1,
107985487,,,,True
56246,56246,27.650675,MRAP,
105372779,105372779,27.64896,MRAP-AS1,
59271,59271,27.651525,EVA1C,
102465248,102465248,27.651289,MIR6501,
100506334,100506334,27.64896,LINC00649,
101928126,101928126,27.64896,LOC101928126,
105372789,105372789,27.651525,LOC105372789,
1827,1827,27.650805,RCAN1,
54064,54064,27.650805,LINC00160,
112267915,,,,True
80215,80215,27.651289,RUNX1-IT1,
100996609,100996609,27.651289,LINC01436,
874,874,26.337366,CBR3,
9980,9980,26.858898,DOP1B,
105369305,105369305,27.651289,LOC105369305,
53820,53820,27.651474,RIPPLY3,
257203,257203,27.650805,DSCR9,
105372797,105372797,27.651474,LOC105372797,
105372798,105372798,27.651525,LOC105372798,
2078,2078,27.651525,ERG,
107985484,107985484,27.650805,LINC02943,
5121,5121,27.650805,PCP4,
191585,191585,27.651289,PLAC4,
4600,4600,26.858898,MX2,
4599,4599,26.858898,MX1,
7113,7113,26.859509,TMPRSS2,
150135,150135,27.651289,LINC00479,
54101,54101,26.859509,RIPK4,
102724800,102724800,27.651289,LOC102724800,
107985502,107985502,27.64896,LOC107985502,
89766,89766,26.859749,UMODL1,
9619,9619,26.859694,ABCG1,
7033,7033,26.85963,TFF3,
105372815,105372815,27.651474,LOC105372815,
7031,7031,26.859749,TFF1,
64699,64699,27.64896,TMPRSS3,
53347,53347,27.64896,UBASH3A,
89765,89765,27.64896,RSPH1,
107987299,107987299,27.651474,LOC107987299,
101928212,101928212,27.651525,LOC101928212,
101928233,101928233,27.64896,LINC01671,
5152,5152,26.337494,PDE9A,
105372816,,,,True
101928284,101928284,27.650805,PDE9A-AS1,
107985504,107985504,27.650805,LOC107985504,
101928311,101928311,27.650805,LINC01668,
90625,90625,27.651411,ERVH48-1,
101928399,101928399,27.651474,LINC01679,
107987302,,,,True
102723380,102723380,27.651289,LOC102723380,
284837,284837,26.858898,AATBC,
7109,7109,27.650675,TRAPPC10,
755,755,26.85718,CFAP410,
81543,81543,27.651525,LRRC3,
101928689,101928689,27.651525,LINC01424,
3689,3689,26.338097,ITGB2,
107987303,107987303,27.651525,LOC107987303,
100505746,100505746,26.859749,ITGB2-AS1,
378825,378825,27.64896,PICSAR,
728039,728039,8.919573,SSR4P1,
114042,114042,27.651411,LINC00334,
100874236,100874236,27.651411,COL18A1-AS2,
378832,378832,27.651525,COL18A1-AS1,
6573,6573,26.859749,SLC19A1,
101928796,101928796,27.64896,LOC101928796,
105372842,105372842,27.651411,LOC105372842,
84221,84221,27.650675,SPATC1L,
100862692,100862692,27.650675,DIP2A-IT1,
6285,6285,27.651474,S100B,
102723780,102723780,8.91981,FRG1FP,
503637,503637,8.919771,DUXAP8,
106480334,106480334,8.91983,BMS1P22,
387590,387590,8.919771,TPTEP1,
112268292,,,,True
23783,23783,8.919771,ANKRD62P1-PARP4P3,
100130418,100130418,27.651289,CECR7,
51816,51816,26.859694,ADA2,
107985573,107985573,27.650675,LOC107985573,
27443,27443,27.651289,CECR2,
83733,83733,26.337494,SLC25A18,
101929372,101929372,27.650805,LOC101929372,
200298,200298,27.64896,LINC00528,
11274,11274,27.650805,USP18,
105372942,105372942,27.651474,FAM247D,
728226,728226,27.651474,GGTLC3,
85376,85376,26.85718,RIMBP3,
2679,2679,8.9198475,GGT3P,
102725072,102725072,8.919615,POM121L15P,
8214,8214,27.651525,DGCR6,
5625,5625,26.338215,PRODH,
26220,26220,27.650805,DGCR5,
6576,6576,26.337494,SLC25A1,
8218,8218,26.85718,CLTCL1,
8318,8318,26.859694,CDC45,
7122,7122,26.85718,CLDN5,
5413,5413,27.651411,SEPTIN5,
100526833,100526833,27.651474,SEPT5-GP1BB,
2812,2812,26.859694,GP1BB,
421,421,27.651474,ARVCF,
105372862,105372862,27.651411,LOC105372862,
65078,65078,26.85718,RTN4R,
373856,373856,8.919771,USP41P,
101928891,101928891,27.651411,LINC01637,
150209,150209,27.651411,AIFM3,
9127,9127,26.85963,P2RX6,
6545,6545,26.338215,SLC7A4,
400892,400892,8.919573,BCRP2,
728441,728441,8.919573,GGT2P,
29797,29797,8.919573,POM121L8P,
440804,440804,26.859024,RIMBP3B,
150221,150221,26.859024,RIMBP3C,
649179,649179,8.91902,PRAMENP,
28763,28763,8.919771,IGLVI-70,
28784,28784,27.651289,IGLV4-69,
102724653,102724653,27.650805,LOC102724653,
28774,28774,27.650675,IGLV8-61,
28785,28785,27.64896,IGLV4-60,
28778,28778,27.64896,IGLV6-57,
96610,96610,8.91983,BMS1P20,
28820,28820,27.651474,IGLV1-51,
28821,28821,27.651474,IGLV1-50,
28773,28773,27.650805,IGLV9-49,
28780,28780,27.650805,IGLV5-48,
28822,28822,27.64896,IGLV1-47,
28781,28781,27.64896,IGLV5-45,
28823,28823,27.651525,IGLV1-44,
101929255,101929255,27.651525,LOC101929255,
28824,28824,8.9198475,IGLV1-41,
28825,28825,27.651289,IGLV1-40,
28826,28826,27.651474,IGLV1-36,
140883,140883,27.651289,ZNF280B,
23532,23532,27.64896,PRAME,
28810,28810,8.919615,IGLV2-34,
28811,28811,27.650805,IGLV2-33,
25812,25812,8.919771,POM121L1P,
91227,91227,27.651474,GGTLC2,
28812,28812,8.919573,IGLV2-28,
28791,28791,27.651289,IGLV3-27,
28793,28793,27.651289,IGLV3-25,
28813,28813,27.651411,IGLV2-23,
28796,28796,27.651525,IGLV3-21,
28797,28797,27.64896,IGLV3-19,
28799,28799,27.651411,IGLV3-16,
28815,28815,27.651411,IGLV2-14,
28801,28801,8.919573,IGLV3-13,
28802,28802,27.650675,IGLV3-12,
28816,28816,27.650675,IGLV2-11,
28803,28803,27.650675,IGLV3-10,
28804,28804,27.64896,IGLV3-9,
105372948,105372948,27.651474,LOC105372948,
723778,723778,27.651525,MIR650,
28817,28817,27.64896,IGLV2-8,
28806,28806,8.91902,IGLV3-6,
28818,28818,8.91902,IGLV2-5,
102724638,102724638,27.64896,LOC102724638,
28809,28809,27.650805,IGLV3-1,
28833,28833,27.651474,IGLJ1,
28832,28832,27.651289,IGLJ2,
3538,3538,27.651525,IGLC2,
28831,28831,27.650805,IGLJ3,
3539,3539,27.651474,IGLC3,
3540,3540,8.919771,IGLC4,
3541,3541,8.9198475,IGLC5,
3542,3542,27.650675,IGLC6,
28834,28834,27.650805,IGLC7,
26226,26226,8.91981,FBXW4P1,
649264,649264,8.91981,CES5AP1,
150244,150244,8.91983,ZDHHC8BP,
107985555,107985555,8.919771,CCDC188BP,
101929374,101929374,27.651411,LINC01659,
101978785,101978785,27.651525,PCAT14,
51233,51233,27.64896,DRICH1,
29802,29802,27.651525,VPREB3,
150248,150248,27.651474,C22orf15,
400916,400916,26.859749,CHCHD10,
91319,91319,26.337494,DERL3,
653689,653689,26.337494,GSTT2B,
2687,2687,26.858898,GGT5,
101730217,101730217,27.64896,SPECC1L-ADORA2A,
135,135,26.858898,ADORA2A,
2678,2678,26.859694,GGT1,
388886,388886,27.651525,LRRC75B,
129049,129049,26.859024,SGSM1,
1417,1417,27.650805,CRYBB3,
1415,1415,27.650675,CRYBB2,
23544,23544,27.64896,SEZ6L,
57168,57168,27.64896,ASPHD2,
440823,440823,27.64896,MIAT,
102724827,102724827,27.64896,MIATNB,
105372976,,,,True
107985534,107985534,27.651411,LOC107985534,
101929594,101929594,27.651411,LOC101929594,
150275,150275,27.651289,CCDC117,
107985549,107985549,27.651289,LOC107985549,
83999,83999,26.859509,KREMEN1,
10634,10634,27.651525,GAS2L1,
10633,10633,27.651411,RASL10A,
100113380,100113380,27.650805,SNORD125,
110806283,110806283,27.651525,LIF-AS1,
652968,652968,26.85963,CASTOR1,
85371,85371,27.651411,KIAA1656,
200312,200312,26.859024,RNF215,
23541,23541,27.650805,SEC14L2,
105372989,,,,True
9514,9514,26.85963,GAL3ST1,
6525,6525,27.651411,SMTN,
140606,140606,27.651289,SELENOM,
27124,27124,26.338215,INPP5J,
50487,50487,26.859694,PLA2G3,
113791,113791,27.651474,PIK3IP1,
101929760,101929760,27.651289,PIK3IP1-DT,
6523,6523,26.337978,SLC5A1,
339666,339666,27.651474,LOC339666,
80830,80830,27.650805,APOL6,
80833,80833,27.650805,APOL3,
23780,23780,27.64896,APOL2,
8542,8542,26.859509,APOL1,
25828,25828,26.338215,TXN2,
105373021,105373021,27.651474,CACNG2-DT,
1439,1439,26.337366,CSF2RB,
7263,7263,26.85718,TST,
4357,4357,26.338215,MPST,
3560,3560,26.859749,IL2RB,
6753,6753,26.859749,SSTR3,
5880,5880,26.859749,RAC2,
27128,27128,26.859749,CYTH4,
105373024,105373024,27.651289,LOC105373024,
29775,29775,27.650805,CARD10,
11135,11135,27.650675,CDC42EP1,
101927051,101927051,27.650675,PDXP-DT,
11078,11078,27.650675,TRIOBP,
3005,3005,26.858898,H1-0,
23464,23464,26.859694,GCAT,
129138,129138,27.650805,ANKRD54,
84645,84645,27.64896,C22orf23,
6663,6663,26.85718,SOX10,
100616146,100616146,27.651289,MIR4534,
23764,23764,26.859694,MAFF,
102800317,102800317,27.651411,TPTEP2-CSNK1E,
1454,1454,26.337494,CSNK1E,
25776,25776,26.85963,CBY1,
10126,10126,26.85963,DNAL4,
9582,9582,26.858898,APOBEC3B,
140564,140564,27.650675,APOBEC3D,
107985563,107985563,27.651289,LOC107985563,
60489,60489,26.859694,APOBEC3G,
101927202,101927202,27.650805,LOC101927202,
164668,164668,26.859024,APOBEC3H,
6122,6122,26.85963,RPL3,
116938,116938,27.64896,SNORD83B,
116937,116937,27.651474,SNORD83A,
26807,26807,27.651289,SNORD43,
9145,9145,26.859694,SYNGR1,
8911,8911,26.859024,CACNA1I,
150350,150350,26.859024,ENTHD1,
9402,9402,26.337978,GRAP2,
113828,113828,27.651289,SACK1F,
114841040,114841040,27.651525,TNRC6B-DT,
107985538,107985538,27.651289,SGSM3-AS1,
105373037,105373037,27.651474,LOC105373037,
101927279,101927279,27.651525,EP300-AS1,
150356,150356,26.859749,CHADL,
10766,10766,27.651289,TOB2,
27254,27254,27.651474,CSDC2,
5372,5372,26.337978,PMM1,
150365,150365,27.64896,MEI1,
440829,440829,27.64896,SHISA8,
100616259,100616259,27.64896,MIR378I,
115650,115650,26.859024,TNFRSF13C,
91689,91689,27.650805,SMDT1,
102723775,102723775,27.651525,LINC01315,
150372,150372,26.85718,NFAM1,
94009,94009,8.91983,SERHL,
101927372,101927372,27.651525,LOC101927372,
253190,253190,27.650805,SERHL2,
91695,91695,8.91902,RRP7BP,
1727,1727,26.338215,CYB5R3,
53947,53947,25.947956,A4GALT,
100506679,100506679,27.650805,TTLL1-AS1,
25809,25809,27.651474,TTLL1,
638,638,26.859509,BIK,
27349,27349,26.85718,MCAT,
758,758,27.650675,MPPED1,
100874197,100874197,27.651525,EFCAB6-AS1,
64800,64800,27.651411,EFCAB6,
25830,25830,26.859509,SULT4A1,
80339,80339,26.858898,PNPLA3,
64098,64098,26.85963,PARVG,
107985570,,,,True
85352,85352,27.650675,SHISAL1,
55615,55615,26.858898,PRR5,
553158,553158,27.651474,PRR5-ARHGAP8,
23779,23779,26.85718,ARHGAP8,
105373062,105373062,27.651411,LOC105373062,
112885,112885,27.650805,PHF21B,
2192,2192,26.337494,FBLN1,
100506737,100506737,27.651289,LINC01589,
105373068,105373068,27.651289,LOC105373068,
105373071,105373071,27.651411,LOC105373071,
100271722,100271722,27.651525,LINC00899,
150381,150381,27.651474,PRR34-AS1,
400931,400931,27.651525,MIRLET7BHG,
112268288,112268288,27.651474,LOC112268288,
406883,406883,27.651474,MIRLET7A3,
100616143,100616143,27.64896,MIR4763,
406884,406884,27.651474,MIRLET7B,
51512,51512,26.85718,GTSE1,
642757,642757,27.651289,TBC1D22A-AS1,
105369161,105369161,27.651289,LOC105369161,
100128818,,,,True
101927722,101927722,27.651289,LINC01644,
284930,284930,27.651525,EPIC1,
25817,25817,27.651474,TAFA5,
100128946,100128946,27.651474,LINC01310,
105373085,105373085,27.651289,NHIP,
348645,348645,27.64896,MIR3667HG,
105373087,,,,True
105373089,,,,True
400935,400935,27.64896,IL17REL,
102724608,102724608,27.64896,LINC03232,
105373098,105373098,27.651474,KLHDC7B-DT,
113730,113730,27.651411,KLHDC7B,
107985568,107985568,27.651411,LOC107985568,
49,49,26.859024,ACR,
107987388,,,,True
102724151,102724151,27.650805,LOC102724151,
102724197,102724197,27.651289,LOC102724197,
105379549,105379549,27.651289,LOC105379549,
102724823,,,,True
107984149,,,,True
102724751,102724751,27.651525,LOC102724751,
102724770,,,,True
102724788,,,,True
107985697,,,,True
1438,1438,26.859024,CSF2RA,
112268304,,,,True
80161,80161,27.650805,ASMTL-AS1,
8623,8623,27.651525,ASMTL,
286530,286530,27.651525,P2RY8,
107985706,,,,True
105373105,105373105,27.651289,LINC02968,
105379413,105379413,27.650675,LOC105379413,
101928092,101928092,27.650675,LINC03112,
4267,4267,26.858898,CD99,
7499,7499,27.64896,XG,
8908,8908,26.337494,GYG2,
414,414,26.337494,ARSD,
100506356,100506356,27.651525,ARSD-AS1,
415,415,26.85963,ARSL,
347527,347527,27.651474,ARSH,
416,416,27.651474,ARSF,
389906,389906,8.664397,ZNF839P4,
412,412,26.337366,STS,
26609,26609,26.85963,VCX,
425054,425054,26.85963,VCX3B,
4935,4935,26.85718,GPR143,
4281,4281,26.337978,MID1,
395,395,26.85718,ARHGAP6,
265,265,26.85718,AMELX,
10943,10943,27.650675,MSL3,
51284,51284,26.858898,TLR7,
51311,51311,26.859509,TLR8,
107985657,107985657,27.64896,LOC107985657,
2824,2824,27.64896,GPM6B,
2187,2187,26.858898,FANCB,
100532742,100532742,27.650675,PIR-FIGF,
2277,2277,26.859749,VEGFD,
59272,59272,26.85963,ACE2,
57393,57393,26.859749,CLTRN,
340591,340591,8.919615,CA5BP1,
8551,8551,27.651474,INE2,
645864,645864,27.651289,MAGEB17,
100616249,100616249,27.650675,MIR4768,
10742,10742,27.64896,RAI2,
30011,30011,26.85963,SH3KBP1,
6197,6197,25.947956,RPS6KA3,
100873942,100873942,27.651474,PHEX-AS1,
139411,139411,26.335646,PTCHD1,
105373148,105373148,27.650675,SAT1-DT,
9468,9468,26.859749,PCYT1B,
190,190,26.337978,NR0B1,
80231,80231,27.651411,TASL,
2710,2710,26.859024,GK,
727682,727682,27.651474,TAB3-AS1,
1756,1756,26.85718,DMD,
83604,83604,27.650675,TMEM47,
286464,286464,27.651525,CFAP47,
5638,5638,26.859509,PRRG1,
347404,347404,27.651411,LANCL3,
7504,7504,27.650805,XK,
1536,1536,26.859694,CYBB,
94122,94122,27.64896,SYTL5,
8406,8406,26.858898,SRPX,
100874211,100874211,27.651525,MID1IP1-AS1,
105373175,105373175,27.651289,LOC105373175,
286442,286442,27.651411,LINC01281,
105373178,105373178,27.650805,LOC105373178,
105373177,105373177,27.651474,LOC105373177,
54880,54880,27.64896,BCOR,
107985687,107985687,27.650675,LOC107985687,
9282,9282,26.859749,MED14,
105373185,105373185,27.651289,LINC02601,
27197,27197,27.651411,GPR82,
4128,4128,26.337494,MAOA,
4693,4693,27.651474,NDP,
100873919,100873919,27.64896,NDP-AS1,
80258,80258,26.858898,EFHC2,
79742,79742,27.651525,DIPK2B,
56548,56548,26.337978,CHST7,
6102,6102,26.85963,RP2,
9104,9104,27.650805,RGN,
7712,7712,26.338165,ZNF157,
347344,347344,26.335646,ZNF81,
92745,92745,26.858898,SLC38A5,
64743,64743,27.651525,WDR13,
7454,7454,26.859509,WAS,
3266,3266,27.651411,ERAS,
27344,27344,26.859024,PCSK1N,
11040,11040,27.651474,PIM2,
100873921,100873921,27.64896,SYP-AS1,
50943,50943,26.337366,FOXP3,
85417,85417,27.651525,CCNB3,
105373202,105373202,27.651289,ASMER2,
105373204,105373204,27.651411,LOC105373204,
170685,170685,26.337494,NUDT10,
55190,55190,26.338165,NUDT11,
81557,81557,27.64896,MAGED4B,
101340250,101340250,27.650675,SNORA11E,
728239,728239,27.651525,MAGED4,
100124541,100124541,27.651289,SNORA11D,
653220,653220,27.651411,XAGE1A,
653067,653067,27.650805,XAGE1B,
8243,8243,26.859694,SMC1A,
54552,54552,27.64896,GNL3L,
107985712,,,,True
7216,7216,27.651289,TRO,
105377211,105377211,27.651411,LOC105377211,
105377212,105377212,27.650805,LOC105377212,
139285,139285,26.859694,AMER1,
142689,142689,27.651474,ASB12,
55613,55613,26.338165,MTMR8,
105373239,105373239,27.651474,LOC105373239,
4478,4478,26.337494,MSN,
367,367,26.337978,AR,
1896,1896,26.858898,EDA,
24137,24137,26.858898,KIF4A,
56159,56159,27.650675,TEX11,
84889,84889,27.651411,SLC7A3,
3561,3561,26.858898,IL2RG,
107985688,107985688,27.650675,LOC107985688,
2705,2705,26.859749,GJB1,
8473,8473,26.338215,OGT,
2833,2833,26.859749,CXCR3,
441501,441501,27.651289,LINC00891,
441502,441502,8.919615,RPS26P11,
340526,340526,27.651411,RTL5,
54821,54821,26.338097,ERCC6L,
6191,6191,26.85718,RPS4X,
4435,4435,26.859509,CITED1,
728656,728656,27.651289,DMRTC1B,
63947,63947,27.64896,DMRTC1,
139201,139201,8.919615,MAP2K4P1,
646127,646127,8.919615,TERF1P7,
107985664,107985664,27.64896,LOC107985664,
107985665,,,,True
8823,8823,26.859509,FGF16,
10800,10800,26.859509,CYSLTR1,
27334,27334,26.859024,P2RY10,
107985690,,,,True
84636,84636,27.651411,GPR174,
105373282,105373282,27.651289,LOC105373282,
101060146,101060146,8.9198475,CHMP1B2P,
254065,254065,26.337494,BRWD3,
105373284,105373284,27.651474,LOC105373284,
139322,139322,27.651474,APOOL,
7552,7552,27.651474,ZNF711,
79983,79983,27.651474,POF1B,
1121,1121,27.650805,CHM,
117154,117154,27.650805,DACH2,
286499,286499,27.650805,FAM133A,
107985704,107985704,27.651525,LOC107985704,
57526,57526,27.651525,PCDH19,
64102,64102,27.651411,TNMD,
7105,7105,27.650805,TSPAN6,
94121,94121,26.859749,SYTL4,
1478,1478,26.85963,CSTF2,
402415,402415,27.650675,XKRX,
59353,59353,27.651525,TMEM35A,
2491,2491,27.651525,CENPI,
1821,1821,26.859749,DRP2,
54457,54457,26.85963,TAF7L,
695,695,26.85963,BTK,
100131755,100131755,27.651411,ARMCX4,
51309,51309,27.651411,ARMCX1,
140597,140597,27.651525,TCEAL2,
158931,158931,27.651411,TCEAL6,
105373299,105373299,27.651411,LOC105373299,
340542,340542,27.651525,BEX5,
114928,114928,27.64896,GPRASP2,
55859,55859,27.651474,BEX1,
340543,340543,27.64896,TCEAL5,
84707,84707,27.64896,BEX2,
56849,56849,27.64896,TCEAL7,
51186,51186,27.64896,TCEAL9,
27018,27018,26.85718,BEX3,
142684,142684,26.858898,RAB40A,
105373300,105373300,27.650675,LINC02589,
767811,767811,8.91983,H2BW4P,
401612,401612,27.64896,SLC25A53,
286437,286437,27.651474,LOC286437,
79589,79589,26.85718,RNF128,
5631,5631,26.337978,PRPS1,
340547,340547,27.650675,VSIG1,
8471,8471,26.85718,IRS4,
101928358,101928358,27.64896,IRS4-AS1,
105373311,105373311,27.651289,LOC105373311,
9949,9949,27.651289,AMMECR1,
91851,91851,26.859509,CHRDL1,
827,827,26.859509,CAPN6,
1641,1641,27.651525,DCX,
107985681,107985681,27.651525,LOC107985681,
5358,5358,26.859694,PLS3,
11254,11254,26.337978,SLC6A14,
90293,90293,26.859694,KLHL13,
139818,139818,26.859024,DOCK11,
79836,79836,26.859024,LONRF3,
23157,23157,27.650805,SEPTIN6,
347454,347454,27.650805,SOWAHD,
101928969,101928969,27.650805,RHOXF1-AS1,
158800,158800,27.650805,RHOXF1,
2747,2747,26.338165,GLUD2,
2892,2892,26.338165,GRIA3,
101928402,101928402,27.651474,STAG2-AS1,
100132015,100132015,27.651411,TEX13D,
4068,4068,26.85718,SH2D1A,
105373331,105373331,27.64896,LOC105373331,
100129520,100129520,27.651525,TEX13C,
107985648,107985648,27.651411,LOC107985648,
7512,7512,26.85963,XPNPEP2,
54440,54440,27.651289,SASH3,
2000,2000,27.651289,ELF4,
9363,9363,27.650675,RAB33A,
102723546,102723546,27.651411,LOC102723546,
51765,51765,26.338215,STK26,
57826,57826,26.858898,RAP2C,
55796,55796,27.650675,MBNL3,
90161,90161,26.858898,HS6ST2,
51270,51270,27.651525,TFDP3,
2719,2719,26.858898,GPC3,
84295,84295,26.858898,PHF6,
10761,10761,27.651411,PLAC1,
8933,8933,27.651525,RTL8C,
26071,26071,27.651525,RTL8A,
644596,644596,27.651525,SMIM10L2B,
399668,399668,27.651525,SMIM10L2A,
2273,2273,27.650675,FHL1,
51442,51442,27.64896,VGLL1,
100128420,100128420,27.650675,LINC00892,
959,959,26.85718,CD40LG,
2258,2258,26.85718,FGF13,
100129662,100129662,27.651411,FGF13-AS1,
4168,4168,26.85963,MCF2,
139081,139081,26.85963,MAGEC3,
51438,51438,27.651411,MAGEC2,
84631,84631,27.651411,SLITRK2,
4110,4110,27.651411,MAGEA11,
3149,3149,27.651411,HMGB3,
79057,79057,26.85963,PRRG3,
2564,2564,26.85963,GABRE,
407009,407009,27.651474,MIR224,
2556,2556,26.85963,GABRA3,
105373370,105373370,27.651411,MAGEA3-DT,
55879,55879,26.859694,GABRQ,
4102,4102,27.650675,MAGEA3,
102723547,102723547,27.651289,CSAG2,
266740,266740,27.651474,MAGEA2B,
158511,158511,27.650805,CSAG1,
4111,4111,27.650805,MAGEA12,
100130935,100130935,8.919771,CSAG4,
4101,4101,27.650805,MAGEA2,
389903,389903,27.650805,CSAG3,
4105,4105,27.650805,MAGEA6,
107985638,107985638,27.650805,MAGEA6-DT,
29944,29944,27.651289,PNMA3,
84968,84968,27.651289,PNMA6A,
105373383,105373383,27.651474,LOC105373383,
1852,1852,26.859024,DUSP9,
139728,139728,27.651289,PNCK,
6535,6535,26.85718,SLC6A8,
5365,5365,26.337494,PLXNB3,
57595,57595,27.651289,PDZD4,
554,554,26.859509,AVPR2,
6134,6134,26.335646,RPL10,
26778,26778,27.64896,SNORA70,
100132967,100132967,27.64896,FAM223A,
286967,286967,27.651289,FAM223B,
139716,139716,27.651289,GAB3,
677835,677835,27.64896,SNORA56,
116442,116442,26.859694,RAB39B,
3581,3581,26.859694,IL9R,
105379273,105379273,27.651474,LOC105379273,
105379420,105379420,27.651525,LOC105379420,
102723630,,,,True
100505874,100505874,27.651525,LOC100505874,
107987359,107987359,27.651525,LOC107987359,
100288966,100288966,27.650805,LOC100288966,
102725051,102725051,27.650805,LOC102725051,
102723347,102723347,27.64896,LOC102723347,
112268318,,,,True
105379554,105379554,27.64896,LOC105379554,
112268317,112268317,27.650675,LOC112268317,
101929819,101929819,27.650675,LOC101929819,
112267916,,,,True
105379566,105379566,27.651411,LOC105379566,
107987401,107987401,27.651474,LOC107987401,
389834,389834,8.919573,LOC389834,
4558,4558,27.650675,MT-TF,
4565,4565,27.650675,MT-TI,
4572,4572,27.651289,MT-TQ,
4553,4553,27.651289,MT-TA,
4570,4570,27.651289,MT-TN,
4574,4574,27.651289,MT-TS1,
4539,4539,26.859509,MT-ND4L,
4541,4541,26.859749,MT-ND6,
4556,4556,27.651525,MT-TE,
4576,4576,27.651525,MT-TT,
